relative_path,parent_folder,filename,extension,size_bytes,size_kb,size_mb
_Folder_Structure\results_file_inventory.csv,_Folder_Structure,results_file_inventory.csv,.csv,103878,101.443,0.099
_Folder_Structure\results_file_inventory.json,_Folder_Structure,results_file_inventory.json,.json,184276,179.957,0.176
_Folder_Structure\results_folder_summary.txt,_Folder_Structure,results_folder_summary.txt,.txt,697,0.681,0.001
_Folder_Structure\results_folder_tree.txt,_Folder_Structure,results_folder_tree.txt,.txt,34819,34.003,0.033
Experiment_01_Data_Preparation\Download_Logs\dataset_download.log,Experiment_01_Data_Preparation\Download_Logs,dataset_download.log,.log,4758,4.646,0.005
Experiment_01_Data_Preparation\Download_Logs\download_manifest.csv,Experiment_01_Data_Preparation\Download_Logs,download_manifest.csv,.csv,308,0.301,0.0
Experiment_01_Data_Preparation\Download_Logs\download_manifest.json,Experiment_01_Data_Preparation\Download_Logs,download_manifest.json,.json,416,0.406,0.0
Experiment_01_Data_Preparation\Download_Logs\official_dataset_registry.json,Experiment_01_Data_Preparation\Download_Logs,official_dataset_registry.json,.json,1530,1.494,0.001
Experiment_01_Data_Preparation\Phase_01_Acquisition\Logs\phase_01_acquisition.log,Experiment_01_Data_Preparation\Phase_01_Acquisition\Logs,phase_01_acquisition.log,.log,12262,11.975,0.012
Experiment_01_Data_Preparation\Phase_01_Acquisition\Manifests\phase_01_file_manifest.csv,Experiment_01_Data_Preparation\Phase_01_Acquisition\Manifests,phase_01_file_manifest.csv,.csv,6780,6.621,0.006
Experiment_01_Data_Preparation\Phase_01_Acquisition\Manifests\phase_01_file_manifest.json,Experiment_01_Data_Preparation\Phase_01_Acquisition\Manifests,phase_01_file_manifest.json,.json,9768,9.539,0.009
Experiment_01_Data_Preparation\Phase_01_Acquisition\Reports\phase_01_acquisition_summary.csv,Experiment_01_Data_Preparation\Phase_01_Acquisition\Reports,phase_01_acquisition_summary.csv,.csv,823,0.804,0.001
Experiment_01_Data_Preparation\Phase_01_Acquisition\Reports\phase_01_acquisition_summary.json,Experiment_01_Data_Preparation\Phase_01_Acquisition\Reports,phase_01_acquisition_summary.json,.json,1935,1.89,0.002
Experiment_01_Data_Preparation\Phase_02_Integrity_Verification\Step_01_File_Verification\Logs\step_01_file_verification.log,Experiment_01_Data_Preparation\Phase_02_Integrity_Verification\Step_01_File_Verification\Logs,step_01_file_verification.log,.log,8825,8.618,0.008
Experiment_01_Data_Preparation\Phase_02_Integrity_Verification\Step_01_File_Verification\Manifests\step_01_run_manifest.json,Experiment_01_Data_Preparation\Phase_02_Integrity_Verification\Step_01_File_Verification\Manifests,step_01_run_manifest.json,.json,575,0.562,0.001
Experiment_01_Data_Preparation\Phase_02_Integrity_Verification\Step_01_File_Verification\Reports\Dataset_Verification_Summary.csv,Experiment_01_Data_Preparation\Phase_02_Integrity_Verification\Step_01_File_Verification\Reports,Dataset_Verification_Summary.csv,.csv,719,0.702,0.001
Experiment_01_Data_Preparation\Phase_02_Integrity_Verification\Step_01_File_Verification\Reports\Dataset_Verification_Summary.json,Experiment_01_Data_Preparation\Phase_02_Integrity_Verification\Step_01_File_Verification\Reports,Dataset_Verification_Summary.json,.json,2437,2.38,0.002
Experiment_01_Data_Preparation\Phase_02_Integrity_Verification\Step_01_File_Verification\Reports\Integrity_Report.csv,Experiment_01_Data_Preparation\Phase_02_Integrity_Verification\Step_01_File_Verification\Reports,Integrity_Report.csv,.csv,238691,233.097,0.228
Experiment_01_Data_Preparation\Phase_02_Integrity_Verification\Step_01_File_Verification\Reports\Integrity_Report.json,Experiment_01_Data_Preparation\Phase_02_Integrity_Verification\Step_01_File_Verification\Reports,Integrity_Report.json,.json,299163,292.151,0.285
Experiment_01_Data_Preparation\Phase_02_Integrity_Verification\Step_02_Data_Cleaning\BoT-IoT\Manifests\global_row_hashes.sqlite,Experiment_01_Data_Preparation\Phase_02_Integrity_Verification\Step_02_Data_Cleaning\BoT-IoT\Manifests,global_row_hashes.sqlite,.sqlite,12288,12.0,0.012
Experiment_01_Data_Preparation\Phase_02_Integrity_Verification\Step_02_Data_Cleaning\CICIDS2017\Cleaned_Data\cleaned_part_00001.csv.gz,Experiment_01_Data_Preparation\Phase_02_Integrity_Verification\Step_02_Data_Cleaning\CICIDS2017\Cleaned_Data,cleaned_part_00001.csv.gz,.gz,16977414,16579.506,16.191
Experiment_01_Data_Preparation\Phase_02_Integrity_Verification\Step_02_Data_Cleaning\CICIDS2017\Cleaned_Data\cleaned_part_00002.csv.gz,Experiment_01_Data_Preparation\Phase_02_Integrity_Verification\Step_02_Data_Cleaning\CICIDS2017\Cleaned_Data,cleaned_part_00002.csv.gz,.gz,2335845,2281.099,2.228
Experiment_01_Data_Preparation\Phase_02_Integrity_Verification\Step_02_Data_Cleaning\CICIDS2017\Cleaned_Data\cleaned_part_00003.csv.gz,Experiment_01_Data_Preparation\Phase_02_Integrity_Verification\Step_02_Data_Cleaning\CICIDS2017\Cleaned_Data,cleaned_part_00003.csv.gz,.gz,9875125,9643.677,9.418
Experiment_01_Data_Preparation\Phase_02_Integrity_Verification\Step_02_Data_Cleaning\CICIDS2017\Cleaned_Data\cleaned_part_00004.csv.gz,Experiment_01_Data_Preparation\Phase_02_Integrity_Verification\Step_02_Data_Cleaning\CICIDS2017\Cleaned_Data,cleaned_part_00004.csv.gz,.gz,3944020,3851.582,3.761
Experiment_01_Data_Preparation\Phase_02_Integrity_Verification\Step_02_Data_Cleaning\CICIDS2017\Cleaned_Data\cleaned_part_00005.csv.gz,Experiment_01_Data_Preparation\Phase_02_Integrity_Verification\Step_02_Data_Cleaning\CICIDS2017\Cleaned_Data,cleaned_part_00005.csv.gz,.gz,17339012,16932.629,16.536
Experiment_01_Data_Preparation\Phase_02_Integrity_Verification\Step_02_Data_Cleaning\CICIDS2017\Cleaned_Data\cleaned_part_00006.csv.gz,Experiment_01_Data_Preparation\Phase_02_Integrity_Verification\Step_02_Data_Cleaning\CICIDS2017\Cleaned_Data,cleaned_part_00006.csv.gz,.gz,23986747,23424.558,22.876
Experiment_01_Data_Preparation\Phase_02_Integrity_Verification\Step_02_Data_Cleaning\CICIDS2017\Cleaned_Data\cleaned_part_00007.csv.gz,Experiment_01_Data_Preparation\Phase_02_Integrity_Verification\Step_02_Data_Cleaning\CICIDS2017\Cleaned_Data,cleaned_part_00007.csv.gz,.gz,21381752,20880.617,20.391
Experiment_01_Data_Preparation\Phase_02_Integrity_Verification\Step_02_Data_Cleaning\CICIDS2017\Cleaned_Data\cleaned_part_00008.csv.gz,Experiment_01_Data_Preparation\Phase_02_Integrity_Verification\Step_02_Data_Cleaning\CICIDS2017\Cleaned_Data,cleaned_part_00008.csv.gz,.gz,9539888,9316.297,9.098
Experiment_01_Data_Preparation\Phase_02_Integrity_Verification\Step_02_Data_Cleaning\CICIDS2017\Cleaned_Data\cleaned_part_00009.csv.gz,Experiment_01_Data_Preparation\Phase_02_Integrity_Verification\Step_02_Data_Cleaning\CICIDS2017\Cleaned_Data,cleaned_part_00009.csv.gz,.gz,14323631,13987.921,13.66
Experiment_01_Data_Preparation\Phase_02_Integrity_Verification\Step_02_Data_Cleaning\CICIDS2017\Cleaned_Data\cleaned_part_00010.csv.gz,Experiment_01_Data_Preparation\Phase_02_Integrity_Verification\Step_02_Data_Cleaning\CICIDS2017\Cleaned_Data,cleaned_part_00010.csv.gz,.gz,6901004,6739.262,6.581
Experiment_01_Data_Preparation\Phase_02_Integrity_Verification\Step_02_Data_Cleaning\CICIDS2017\Cleaned_Data\cleaned_part_00011.csv.gz,Experiment_01_Data_Preparation\Phase_02_Integrity_Verification\Step_02_Data_Cleaning\CICIDS2017\Cleaned_Data,cleaned_part_00011.csv.gz,.gz,15400569,15039.618,14.687
Experiment_01_Data_Preparation\Phase_02_Integrity_Verification\Step_02_Data_Cleaning\CICIDS2017\Cleaned_Data\cleaned_part_00012.csv.gz,Experiment_01_Data_Preparation\Phase_02_Integrity_Verification\Step_02_Data_Cleaning\CICIDS2017\Cleaned_Data,cleaned_part_00012.csv.gz,.gz,21005236,20512.926,20.032
Experiment_01_Data_Preparation\Phase_02_Integrity_Verification\Step_02_Data_Cleaning\CICIDS2017\Cleaned_Data\cleaned_part_00013.csv.gz,Experiment_01_Data_Preparation\Phase_02_Integrity_Verification\Step_02_Data_Cleaning\CICIDS2017\Cleaned_Data,cleaned_part_00013.csv.gz,.gz,15906058,15533.26,15.169
Experiment_01_Data_Preparation\Phase_02_Integrity_Verification\Step_02_Data_Cleaning\CICIDS2017\Cleaned_Data\cleaned_part_00014.csv.gz,Experiment_01_Data_Preparation\Phase_02_Integrity_Verification\Step_02_Data_Cleaning\CICIDS2017\Cleaned_Data,cleaned_part_00014.csv.gz,.gz,2986375,2916.382,2.848
Experiment_01_Data_Preparation\Phase_02_Integrity_Verification\Step_02_Data_Cleaning\CICIDS2017\Cleaned_Data\cleaned_part_00015.csv.gz,Experiment_01_Data_Preparation\Phase_02_Integrity_Verification\Step_02_Data_Cleaning\CICIDS2017\Cleaned_Data,cleaned_part_00015.csv.gz,.gz,18634557,18197.81,17.771
Experiment_01_Data_Preparation\Phase_02_Integrity_Verification\Step_02_Data_Cleaning\CICIDS2017\Cleaned_Data\cleaned_part_00016.csv.gz,Experiment_01_Data_Preparation\Phase_02_Integrity_Verification\Step_02_Data_Cleaning\CICIDS2017\Cleaned_Data,cleaned_part_00016.csv.gz,.gz,17920197,17500.192,17.09
Experiment_01_Data_Preparation\Phase_02_Integrity_Verification\Step_02_Data_Cleaning\CICIDS2017\Cleaned_Data\cleaned_part_00017.csv.gz,Experiment_01_Data_Preparation\Phase_02_Integrity_Verification\Step_02_Data_Cleaning\CICIDS2017\Cleaned_Data,cleaned_part_00017.csv.gz,.gz,17436397,17027.731,16.629
Experiment_01_Data_Preparation\Phase_02_Integrity_Verification\Step_02_Data_Cleaning\CICIDS2017\Cleaned_Data\cleaned_part_00018.csv.gz,Experiment_01_Data_Preparation\Phase_02_Integrity_Verification\Step_02_Data_Cleaning\CICIDS2017\Cleaned_Data,cleaned_part_00018.csv.gz,.gz,6335627,6187.136,6.042
Experiment_01_Data_Preparation\Phase_02_Integrity_Verification\Step_02_Data_Cleaning\CICIDS2017\Manifests\global_row_hashes.sqlite,Experiment_01_Data_Preparation\Phase_02_Integrity_Verification\Step_02_Data_Cleaning\CICIDS2017\Manifests,global_row_hashes.sqlite,.sqlite,149729280,146220.0,142.793
Experiment_01_Data_Preparation\Phase_02_Integrity_Verification\Step_02_Data_Cleaning\CICIDS2017\Manifests\source_file_manifest.json,Experiment_01_Data_Preparation\Phase_02_Integrity_Verification\Step_02_Data_Cleaning\CICIDS2017\Manifests,source_file_manifest.json,.json,2960,2.891,0.003
Experiment_01_Data_Preparation\Phase_02_Integrity_Verification\Step_02_Data_Cleaning\CICIDS2017\Reports\Binary_Label_Distribution.csv,Experiment_01_Data_Preparation\Phase_02_Integrity_Verification\Step_02_Data_Cleaning\CICIDS2017\Reports,Binary_Label_Distribution.csv,.csv,66,0.064,0.0
Experiment_01_Data_Preparation\Phase_02_Integrity_Verification\Step_02_Data_Cleaning\CICIDS2017\Reports\Label_Distribution.csv,Experiment_01_Data_Preparation\Phase_02_Integrity_Verification\Step_02_Data_Cleaning\CICIDS2017\Reports,Label_Distribution.csv,.csv,310,0.303,0.0
Experiment_01_Data_Preparation\Phase_02_Integrity_Verification\Step_02_Data_Cleaning\CSE-CIC-IDS2018\Cleaned_Data\cleaned_part_00001.csv.gz,Experiment_01_Data_Preparation\Phase_02_Integrity_Verification\Step_02_Data_Cleaning\CSE-CIC-IDS2018\Cleaned_Data,cleaned_part_00001.csv.gz,.gz,13357117,13044.06,12.738
Experiment_01_Data_Preparation\Phase_02_Integrity_Verification\Step_02_Data_Cleaning\CSE-CIC-IDS2018\Cleaned_Data\cleaned_part_00002.csv.gz,Experiment_01_Data_Preparation\Phase_02_Integrity_Verification\Step_02_Data_Cleaning\CSE-CIC-IDS2018\Cleaned_Data,cleaned_part_00002.csv.gz,.gz,14731059,14385.8,14.049
Experiment_01_Data_Preparation\Phase_02_Integrity_Verification\Step_02_Data_Cleaning\CSE-CIC-IDS2018\Cleaned_Data\cleaned_part_00003.csv.gz,Experiment_01_Data_Preparation\Phase_02_Integrity_Verification\Step_02_Data_Cleaning\CSE-CIC-IDS2018\Cleaned_Data,cleaned_part_00003.csv.gz,.gz,19270493,18818.841,18.378
Experiment_01_Data_Preparation\Phase_02_Integrity_Verification\Step_02_Data_Cleaning\CSE-CIC-IDS2018\Cleaned_Data\cleaned_part_00004.csv.gz,Experiment_01_Data_Preparation\Phase_02_Integrity_Verification\Step_02_Data_Cleaning\CSE-CIC-IDS2018\Cleaned_Data,cleaned_part_00004.csv.gz,.gz,19043770,18597.432,18.162
Experiment_01_Data_Preparation\Phase_02_Integrity_Verification\Step_02_Data_Cleaning\CSE-CIC-IDS2018\Cleaned_Data\cleaned_part_00005.csv.gz,Experiment_01_Data_Preparation\Phase_02_Integrity_Verification\Step_02_Data_Cleaning\CSE-CIC-IDS2018\Cleaned_Data,cleaned_part_00005.csv.gz,.gz,19147166,18698.404,18.26
Experiment_01_Data_Preparation\Phase_02_Integrity_Verification\Step_02_Data_Cleaning\CSE-CIC-IDS2018\Cleaned_Data\cleaned_part_00006.csv.gz,Experiment_01_Data_Preparation\Phase_02_Integrity_Verification\Step_02_Data_Cleaning\CSE-CIC-IDS2018\Cleaned_Data,cleaned_part_00006.csv.gz,.gz,4521245,4415.278,4.312
Experiment_01_Data_Preparation\Phase_02_Integrity_Verification\Step_02_Data_Cleaning\CSE-CIC-IDS2018\Cleaned_Data\cleaned_part_00007.csv.gz,Experiment_01_Data_Preparation\Phase_02_Integrity_Verification\Step_02_Data_Cleaning\CSE-CIC-IDS2018\Cleaned_Data,cleaned_part_00007.csv.gz,.gz,8876788,8668.738,8.466
Experiment_01_Data_Preparation\Phase_02_Integrity_Verification\Step_02_Data_Cleaning\CSE-CIC-IDS2018\Cleaned_Data\cleaned_part_00008.csv.gz,Experiment_01_Data_Preparation\Phase_02_Integrity_Verification\Step_02_Data_Cleaning\CSE-CIC-IDS2018\Cleaned_Data,cleaned_part_00008.csv.gz,.gz,16525455,16138.14,15.76
Experiment_01_Data_Preparation\Phase_02_Integrity_Verification\Step_02_Data_Cleaning\CSE-CIC-IDS2018\Cleaned_Data\cleaned_part_00009.csv.gz,Experiment_01_Data_Preparation\Phase_02_Integrity_Verification\Step_02_Data_Cleaning\CSE-CIC-IDS2018\Cleaned_Data,cleaned_part_00009.csv.gz,.gz,16353347,15970.065,15.596
Experiment_01_Data_Preparation\Phase_02_Integrity_Verification\Step_02_Data_Cleaning\CSE-CIC-IDS2018\Cleaned_Data\cleaned_part_00010.csv.gz,Experiment_01_Data_Preparation\Phase_02_Integrity_Verification\Step_02_Data_Cleaning\CSE-CIC-IDS2018\Cleaned_Data,cleaned_part_00010.csv.gz,.gz,16394324,16010.082,15.635
Experiment_01_Data_Preparation\Phase_02_Integrity_Verification\Step_02_Data_Cleaning\CSE-CIC-IDS2018\Cleaned_Data\cleaned_part_00011.csv.gz,Experiment_01_Data_Preparation\Phase_02_Integrity_Verification\Step_02_Data_Cleaning\CSE-CIC-IDS2018\Cleaned_Data,cleaned_part_00011.csv.gz,.gz,16347536,15964.391,15.59
Experiment_01_Data_Preparation\Phase_02_Integrity_Verification\Step_02_Data_Cleaning\CSE-CIC-IDS2018\Cleaned_Data\cleaned_part_00012.csv.gz,Experiment_01_Data_Preparation\Phase_02_Integrity_Verification\Step_02_Data_Cleaning\CSE-CIC-IDS2018\Cleaned_Data,cleaned_part_00012.csv.gz,.gz,3045,2.974,0.003
Experiment_01_Data_Preparation\Phase_02_Integrity_Verification\Step_02_Data_Cleaning\CSE-CIC-IDS2018\Cleaned_Data\cleaned_part_00013.csv.gz,Experiment_01_Data_Preparation\Phase_02_Integrity_Verification\Step_02_Data_Cleaning\CSE-CIC-IDS2018\Cleaned_Data,cleaned_part_00013.csv.gz,.gz,20371492,19894.035,19.428
Experiment_01_Data_Preparation\Phase_02_Integrity_Verification\Step_02_Data_Cleaning\CSE-CIC-IDS2018\Cleaned_Data\cleaned_part_00014.csv.gz,Experiment_01_Data_Preparation\Phase_02_Integrity_Verification\Step_02_Data_Cleaning\CSE-CIC-IDS2018\Cleaned_Data,cleaned_part_00014.csv.gz,.gz,20351557,19874.567,19.409
Experiment_01_Data_Preparation\Phase_02_Integrity_Verification\Step_02_Data_Cleaning\CSE-CIC-IDS2018\Cleaned_Data\cleaned_part_00015.csv.gz,Experiment_01_Data_Preparation\Phase_02_Integrity_Verification\Step_02_Data_Cleaning\CSE-CIC-IDS2018\Cleaned_Data,cleaned_part_00015.csv.gz,.gz,20363898,19886.619,19.421
Experiment_01_Data_Preparation\Phase_02_Integrity_Verification\Step_02_Data_Cleaning\CSE-CIC-IDS2018\Cleaned_Data\cleaned_part_00016.csv.gz,Experiment_01_Data_Preparation\Phase_02_Integrity_Verification\Step_02_Data_Cleaning\CSE-CIC-IDS2018\Cleaned_Data,cleaned_part_00016.csv.gz,.gz,20299319,19823.554,19.359
Experiment_01_Data_Preparation\Phase_02_Integrity_Verification\Step_02_Data_Cleaning\CSE-CIC-IDS2018\Cleaned_Data\cleaned_part_00017.csv.gz,Experiment_01_Data_Preparation\Phase_02_Integrity_Verification\Step_02_Data_Cleaning\CSE-CIC-IDS2018\Cleaned_Data,cleaned_part_00017.csv.gz,.gz,20136189,19664.247,19.203
Experiment_01_Data_Preparation\Phase_02_Integrity_Verification\Step_02_Data_Cleaning\CSE-CIC-IDS2018\Cleaned_Data\cleaned_part_00018.csv.gz,Experiment_01_Data_Preparation\Phase_02_Integrity_Verification\Step_02_Data_Cleaning\CSE-CIC-IDS2018\Cleaned_Data,cleaned_part_00018.csv.gz,.gz,4763273,4651.634,4.543
Experiment_01_Data_Preparation\Phase_02_Integrity_Verification\Step_02_Data_Cleaning\CSE-CIC-IDS2018\Cleaned_Data\cleaned_part_00019.csv.gz,Experiment_01_Data_Preparation\Phase_02_Integrity_Verification\Step_02_Data_Cleaning\CSE-CIC-IDS2018\Cleaned_Data,cleaned_part_00019.csv.gz,.gz,17462899,17053.612,16.654
Experiment_01_Data_Preparation\Phase_02_Integrity_Verification\Step_02_Data_Cleaning\CSE-CIC-IDS2018\Cleaned_Data\cleaned_part_00020.csv.gz,Experiment_01_Data_Preparation\Phase_02_Integrity_Verification\Step_02_Data_Cleaning\CSE-CIC-IDS2018\Cleaned_Data,cleaned_part_00020.csv.gz,.gz,13567698,13249.705,12.939
Experiment_01_Data_Preparation\Phase_02_Integrity_Verification\Step_02_Data_Cleaning\CSE-CIC-IDS2018\Cleaned_Data\cleaned_part_00021.csv.gz,Experiment_01_Data_Preparation\Phase_02_Integrity_Verification\Step_02_Data_Cleaning\CSE-CIC-IDS2018\Cleaned_Data,cleaned_part_00021.csv.gz,.gz,11895242,11616.447,11.344
Experiment_01_Data_Preparation\Phase_02_Integrity_Verification\Step_02_Data_Cleaning\CSE-CIC-IDS2018\Cleaned_Data\cleaned_part_00022.csv.gz,Experiment_01_Data_Preparation\Phase_02_Integrity_Verification\Step_02_Data_Cleaning\CSE-CIC-IDS2018\Cleaned_Data,cleaned_part_00022.csv.gz,.gz,26108720,25496.797,24.899
Experiment_01_Data_Preparation\Phase_02_Integrity_Verification\Step_02_Data_Cleaning\CSE-CIC-IDS2018\Cleaned_Data\cleaned_part_00023.csv.gz,Experiment_01_Data_Preparation\Phase_02_Integrity_Verification\Step_02_Data_Cleaning\CSE-CIC-IDS2018\Cleaned_Data,cleaned_part_00023.csv.gz,.gz,26142150,25529.443,24.931
Experiment_01_Data_Preparation\Phase_02_Integrity_Verification\Step_02_Data_Cleaning\CSE-CIC-IDS2018\Cleaned_Data\cleaned_part_00024.csv.gz,Experiment_01_Data_Preparation\Phase_02_Integrity_Verification\Step_02_Data_Cleaning\CSE-CIC-IDS2018\Cleaned_Data,cleaned_part_00024.csv.gz,.gz,26107348,25495.457,24.898
Experiment_01_Data_Preparation\Phase_02_Integrity_Verification\Step_02_Data_Cleaning\CSE-CIC-IDS2018\Cleaned_Data\cleaned_part_00025.csv.gz,Experiment_01_Data_Preparation\Phase_02_Integrity_Verification\Step_02_Data_Cleaning\CSE-CIC-IDS2018\Cleaned_Data,cleaned_part_00025.csv.gz,.gz,26182037,25568.396,24.969
Experiment_01_Data_Preparation\Phase_02_Integrity_Verification\Step_02_Data_Cleaning\CSE-CIC-IDS2018\Cleaned_Data\cleaned_part_00026.csv.gz,Experiment_01_Data_Preparation\Phase_02_Integrity_Verification\Step_02_Data_Cleaning\CSE-CIC-IDS2018\Cleaned_Data,cleaned_part_00026.csv.gz,.gz,25939169,25331.22,24.738
Experiment_01_Data_Preparation\Phase_02_Integrity_Verification\Step_02_Data_Cleaning\CSE-CIC-IDS2018\Cleaned_Data\cleaned_part_00027.csv.gz,Experiment_01_Data_Preparation\Phase_02_Integrity_Verification\Step_02_Data_Cleaning\CSE-CIC-IDS2018\Cleaned_Data,cleaned_part_00027.csv.gz,.gz,26333362,25716.174,25.113
Experiment_01_Data_Preparation\Phase_02_Integrity_Verification\Step_02_Data_Cleaning\CSE-CIC-IDS2018\Cleaned_Data\cleaned_part_00028.csv.gz,Experiment_01_Data_Preparation\Phase_02_Integrity_Verification\Step_02_Data_Cleaning\CSE-CIC-IDS2018\Cleaned_Data,cleaned_part_00028.csv.gz,.gz,25272623,24680.296,24.102
Experiment_01_Data_Preparation\Phase_02_Integrity_Verification\Step_02_Data_Cleaning\CSE-CIC-IDS2018\Cleaned_Data\cleaned_part_00029.csv.gz,Experiment_01_Data_Preparation\Phase_02_Integrity_Verification\Step_02_Data_Cleaning\CSE-CIC-IDS2018\Cleaned_Data,cleaned_part_00029.csv.gz,.gz,26401538,25782.752,25.178
Experiment_01_Data_Preparation\Phase_02_Integrity_Verification\Step_02_Data_Cleaning\CSE-CIC-IDS2018\Cleaned_Data\cleaned_part_00030.csv.gz,Experiment_01_Data_Preparation\Phase_02_Integrity_Verification\Step_02_Data_Cleaning\CSE-CIC-IDS2018\Cleaned_Data,cleaned_part_00030.csv.gz,.gz,26295084,25678.793,25.077
Experiment_01_Data_Preparation\Phase_02_Integrity_Verification\Step_02_Data_Cleaning\CSE-CIC-IDS2018\Cleaned_Data\cleaned_part_00031.csv.gz,Experiment_01_Data_Preparation\Phase_02_Integrity_Verification\Step_02_Data_Cleaning\CSE-CIC-IDS2018\Cleaned_Data,cleaned_part_00031.csv.gz,.gz,26540831,25918.78,25.311
Experiment_01_Data_Preparation\Phase_02_Integrity_Verification\Step_02_Data_Cleaning\CSE-CIC-IDS2018\Cleaned_Data\cleaned_part_00032.csv.gz,Experiment_01_Data_Preparation\Phase_02_Integrity_Verification\Step_02_Data_Cleaning\CSE-CIC-IDS2018\Cleaned_Data,cleaned_part_00032.csv.gz,.gz,26382620,25764.277,25.16
Experiment_01_Data_Preparation\Phase_02_Integrity_Verification\Step_02_Data_Cleaning\CSE-CIC-IDS2018\Cleaned_Data\cleaned_part_00033.csv.gz,Experiment_01_Data_Preparation\Phase_02_Integrity_Verification\Step_02_Data_Cleaning\CSE-CIC-IDS2018\Cleaned_Data,cleaned_part_00033.csv.gz,.gz,27229582,26591.389,25.968
Experiment_01_Data_Preparation\Phase_02_Integrity_Verification\Step_02_Data_Cleaning\CSE-CIC-IDS2018\Cleaned_Data\cleaned_part_00034.csv.gz,Experiment_01_Data_Preparation\Phase_02_Integrity_Verification\Step_02_Data_Cleaning\CSE-CIC-IDS2018\Cleaned_Data,cleaned_part_00034.csv.gz,.gz,27330924,26690.355,26.065
Experiment_01_Data_Preparation\Phase_02_Integrity_Verification\Step_02_Data_Cleaning\CSE-CIC-IDS2018\Cleaned_Data\cleaned_part_00035.csv.gz,Experiment_01_Data_Preparation\Phase_02_Integrity_Verification\Step_02_Data_Cleaning\CSE-CIC-IDS2018\Cleaned_Data,cleaned_part_00035.csv.gz,.gz,27120614,26484.975,25.864
Experiment_01_Data_Preparation\Phase_02_Integrity_Verification\Step_02_Data_Cleaning\CSE-CIC-IDS2018\Cleaned_Data\cleaned_part_00036.csv.gz,Experiment_01_Data_Preparation\Phase_02_Integrity_Verification\Step_02_Data_Cleaning\CSE-CIC-IDS2018\Cleaned_Data,cleaned_part_00036.csv.gz,.gz,26970242,26338.127,25.721
Experiment_01_Data_Preparation\Phase_02_Integrity_Verification\Step_02_Data_Cleaning\CSE-CIC-IDS2018\Cleaned_Data\cleaned_part_00037.csv.gz,Experiment_01_Data_Preparation\Phase_02_Integrity_Verification\Step_02_Data_Cleaning\CSE-CIC-IDS2018\Cleaned_Data,cleaned_part_00037.csv.gz,.gz,27225820,26587.715,25.965
Experiment_01_Data_Preparation\Phase_02_Integrity_Verification\Step_02_Data_Cleaning\CSE-CIC-IDS2018\Cleaned_Data\cleaned_part_00038.csv.gz,Experiment_01_Data_Preparation\Phase_02_Integrity_Verification\Step_02_Data_Cleaning\CSE-CIC-IDS2018\Cleaned_Data,cleaned_part_00038.csv.gz,.gz,27462511,26818.858,26.19
Experiment_01_Data_Preparation\Phase_02_Integrity_Verification\Step_02_Data_Cleaning\CSE-CIC-IDS2018\Cleaned_Data\cleaned_part_00039.csv.gz,Experiment_01_Data_Preparation\Phase_02_Integrity_Verification\Step_02_Data_Cleaning\CSE-CIC-IDS2018\Cleaned_Data,cleaned_part_00039.csv.gz,.gz,27212306,26574.518,25.952
Experiment_01_Data_Preparation\Phase_02_Integrity_Verification\Step_02_Data_Cleaning\CSE-CIC-IDS2018\Cleaned_Data\cleaned_part_00040.csv.gz,Experiment_01_Data_Preparation\Phase_02_Integrity_Verification\Step_02_Data_Cleaning\CSE-CIC-IDS2018\Cleaned_Data,cleaned_part_00040.csv.gz,.gz,27082861,26448.106,25.828
Experiment_01_Data_Preparation\Phase_02_Integrity_Verification\Step_02_Data_Cleaning\CSE-CIC-IDS2018\Cleaned_Data\cleaned_part_00041.csv.gz,Experiment_01_Data_Preparation\Phase_02_Integrity_Verification\Step_02_Data_Cleaning\CSE-CIC-IDS2018\Cleaned_Data,cleaned_part_00041.csv.gz,.gz,27173576,26536.695,25.915
Experiment_01_Data_Preparation\Phase_02_Integrity_Verification\Step_02_Data_Cleaning\CSE-CIC-IDS2018\Cleaned_Data\cleaned_part_00042.csv.gz,Experiment_01_Data_Preparation\Phase_02_Integrity_Verification\Step_02_Data_Cleaning\CSE-CIC-IDS2018\Cleaned_Data,cleaned_part_00042.csv.gz,.gz,27125728,26489.969,25.869
Experiment_01_Data_Preparation\Phase_02_Integrity_Verification\Step_02_Data_Cleaning\CSE-CIC-IDS2018\Cleaned_Data\cleaned_part_00043.csv.gz,Experiment_01_Data_Preparation\Phase_02_Integrity_Verification\Step_02_Data_Cleaning\CSE-CIC-IDS2018\Cleaned_Data,cleaned_part_00043.csv.gz,.gz,26807670,26179.365,25.566
Experiment_01_Data_Preparation\Phase_02_Integrity_Verification\Step_02_Data_Cleaning\CSE-CIC-IDS2018\Cleaned_Data\cleaned_part_00044.csv.gz,Experiment_01_Data_Preparation\Phase_02_Integrity_Verification\Step_02_Data_Cleaning\CSE-CIC-IDS2018\Cleaned_Data,cleaned_part_00044.csv.gz,.gz,27098916,26463.785,25.844
Experiment_01_Data_Preparation\Phase_02_Integrity_Verification\Step_02_Data_Cleaning\CSE-CIC-IDS2018\Cleaned_Data\cleaned_part_00045.csv.gz,Experiment_01_Data_Preparation\Phase_02_Integrity_Verification\Step_02_Data_Cleaning\CSE-CIC-IDS2018\Cleaned_Data,cleaned_part_00045.csv.gz,.gz,27228010,26589.854,25.967
Experiment_01_Data_Preparation\Phase_02_Integrity_Verification\Step_02_Data_Cleaning\CSE-CIC-IDS2018\Cleaned_Data\cleaned_part_00046.csv.gz,Experiment_01_Data_Preparation\Phase_02_Integrity_Verification\Step_02_Data_Cleaning\CSE-CIC-IDS2018\Cleaned_Data,cleaned_part_00046.csv.gz,.gz,27029849,26396.337,25.778
Experiment_01_Data_Preparation\Phase_02_Integrity_Verification\Step_02_Data_Cleaning\CSE-CIC-IDS2018\Cleaned_Data\cleaned_part_00047.csv.gz,Experiment_01_Data_Preparation\Phase_02_Integrity_Verification\Step_02_Data_Cleaning\CSE-CIC-IDS2018\Cleaned_Data,cleaned_part_00047.csv.gz,.gz,27061651,26427.394,25.808
Experiment_01_Data_Preparation\Phase_02_Integrity_Verification\Step_02_Data_Cleaning\CSE-CIC-IDS2018\Cleaned_Data\cleaned_part_00048.csv.gz,Experiment_01_Data_Preparation\Phase_02_Integrity_Verification\Step_02_Data_Cleaning\CSE-CIC-IDS2018\Cleaned_Data,cleaned_part_00048.csv.gz,.gz,27138174,26502.123,25.881
Experiment_01_Data_Preparation\Phase_02_Integrity_Verification\Step_02_Data_Cleaning\CSE-CIC-IDS2018\Cleaned_Data\cleaned_part_00049.csv.gz,Experiment_01_Data_Preparation\Phase_02_Integrity_Verification\Step_02_Data_Cleaning\CSE-CIC-IDS2018\Cleaned_Data,cleaned_part_00049.csv.gz,.gz,26741377,26114.626,25.503
Experiment_01_Data_Preparation\Phase_02_Integrity_Verification\Step_02_Data_Cleaning\CSE-CIC-IDS2018\Cleaned_Data\cleaned_part_00050.csv.gz,Experiment_01_Data_Preparation\Phase_02_Integrity_Verification\Step_02_Data_Cleaning\CSE-CIC-IDS2018\Cleaned_Data,cleaned_part_00050.csv.gz,.gz,26296845,25680.513,25.079
Experiment_01_Data_Preparation\Phase_02_Integrity_Verification\Step_02_Data_Cleaning\CSE-CIC-IDS2018\Cleaned_Data\cleaned_part_00051.csv.gz,Experiment_01_Data_Preparation\Phase_02_Integrity_Verification\Step_02_Data_Cleaning\CSE-CIC-IDS2018\Cleaned_Data,cleaned_part_00051.csv.gz,.gz,26649359,26024.765,25.415
Experiment_01_Data_Preparation\Phase_02_Integrity_Verification\Step_02_Data_Cleaning\CSE-CIC-IDS2018\Cleaned_Data\cleaned_part_00052.csv.gz,Experiment_01_Data_Preparation\Phase_02_Integrity_Verification\Step_02_Data_Cleaning\CSE-CIC-IDS2018\Cleaned_Data,cleaned_part_00052.csv.gz,.gz,26217811,25603.331,25.003
Experiment_01_Data_Preparation\Phase_02_Integrity_Verification\Step_02_Data_Cleaning\CSE-CIC-IDS2018\Cleaned_Data\cleaned_part_00053.csv.gz,Experiment_01_Data_Preparation\Phase_02_Integrity_Verification\Step_02_Data_Cleaning\CSE-CIC-IDS2018\Cleaned_Data,cleaned_part_00053.csv.gz,.gz,26249829,25634.599,25.034
Experiment_01_Data_Preparation\Phase_02_Integrity_Verification\Step_02_Data_Cleaning\CSE-CIC-IDS2018\Cleaned_Data\cleaned_part_00054.csv.gz,Experiment_01_Data_Preparation\Phase_02_Integrity_Verification\Step_02_Data_Cleaning\CSE-CIC-IDS2018\Cleaned_Data,cleaned_part_00054.csv.gz,.gz,26506750,25885.498,25.279
Experiment_01_Data_Preparation\Phase_02_Integrity_Verification\Step_02_Data_Cleaning\CSE-CIC-IDS2018\Cleaned_Data\cleaned_part_00055.csv.gz,Experiment_01_Data_Preparation\Phase_02_Integrity_Verification\Step_02_Data_Cleaning\CSE-CIC-IDS2018\Cleaned_Data,cleaned_part_00055.csv.gz,.gz,24592565,24016.177,23.453
Experiment_01_Data_Preparation\Phase_02_Integrity_Verification\Step_02_Data_Cleaning\CSE-CIC-IDS2018\Cleaned_Data\cleaned_part_00056.csv.gz,Experiment_01_Data_Preparation\Phase_02_Integrity_Verification\Step_02_Data_Cleaning\CSE-CIC-IDS2018\Cleaned_Data,cleaned_part_00056.csv.gz,.gz,24233790,23665.811,23.111
Experiment_01_Data_Preparation\Phase_02_Integrity_Verification\Step_02_Data_Cleaning\CSE-CIC-IDS2018\Cleaned_Data\cleaned_part_00057.csv.gz,Experiment_01_Data_Preparation\Phase_02_Integrity_Verification\Step_02_Data_Cleaning\CSE-CIC-IDS2018\Cleaned_Data,cleaned_part_00057.csv.gz,.gz,24590081,24013.751,23.451
Experiment_01_Data_Preparation\Phase_02_Integrity_Verification\Step_02_Data_Cleaning\CSE-CIC-IDS2018\Cleaned_Data\cleaned_part_00058.csv.gz,Experiment_01_Data_Preparation\Phase_02_Integrity_Verification\Step_02_Data_Cleaning\CSE-CIC-IDS2018\Cleaned_Data,cleaned_part_00058.csv.gz,.gz,17710830,17295.732,16.89
Experiment_01_Data_Preparation\Phase_02_Integrity_Verification\Step_02_Data_Cleaning\CSE-CIC-IDS2018\Cleaned_Data\cleaned_part_00059.csv.gz,Experiment_01_Data_Preparation\Phase_02_Integrity_Verification\Step_02_Data_Cleaning\CSE-CIC-IDS2018\Cleaned_Data,cleaned_part_00059.csv.gz,.gz,16996828,16598.465,16.209
Experiment_01_Data_Preparation\Phase_02_Integrity_Verification\Step_02_Data_Cleaning\CSE-CIC-IDS2018\Cleaned_Data\cleaned_part_00060.csv.gz,Experiment_01_Data_Preparation\Phase_02_Integrity_Verification\Step_02_Data_Cleaning\CSE-CIC-IDS2018\Cleaned_Data,cleaned_part_00060.csv.gz,.gz,11322178,11056.814,10.798
Experiment_01_Data_Preparation\Phase_02_Integrity_Verification\Step_02_Data_Cleaning\CSE-CIC-IDS2018\Cleaned_Data\cleaned_part_00061.csv.gz,Experiment_01_Data_Preparation\Phase_02_Integrity_Verification\Step_02_Data_Cleaning\CSE-CIC-IDS2018\Cleaned_Data,cleaned_part_00061.csv.gz,.gz,20730212,20244.348,19.77
Experiment_01_Data_Preparation\Phase_02_Integrity_Verification\Step_02_Data_Cleaning\CSE-CIC-IDS2018\Cleaned_Data\cleaned_part_00062.csv.gz,Experiment_01_Data_Preparation\Phase_02_Integrity_Verification\Step_02_Data_Cleaning\CSE-CIC-IDS2018\Cleaned_Data,cleaned_part_00062.csv.gz,.gz,20665061,20180.724,19.708
Experiment_01_Data_Preparation\Phase_02_Integrity_Verification\Step_02_Data_Cleaning\CSE-CIC-IDS2018\Cleaned_Data\cleaned_part_00063.csv.gz,Experiment_01_Data_Preparation\Phase_02_Integrity_Verification\Step_02_Data_Cleaning\CSE-CIC-IDS2018\Cleaned_Data,cleaned_part_00063.csv.gz,.gz,20249446,19774.85,19.311
Experiment_01_Data_Preparation\Phase_02_Integrity_Verification\Step_02_Data_Cleaning\CSE-CIC-IDS2018\Cleaned_Data\cleaned_part_00064.csv.gz,Experiment_01_Data_Preparation\Phase_02_Integrity_Verification\Step_02_Data_Cleaning\CSE-CIC-IDS2018\Cleaned_Data,cleaned_part_00064.csv.gz,.gz,20343752,19866.945,19.401
Experiment_01_Data_Preparation\Phase_02_Integrity_Verification\Step_02_Data_Cleaning\CSE-CIC-IDS2018\Cleaned_Data\cleaned_part_00065.csv.gz,Experiment_01_Data_Preparation\Phase_02_Integrity_Verification\Step_02_Data_Cleaning\CSE-CIC-IDS2018\Cleaned_Data,cleaned_part_00065.csv.gz,.gz,20145175,19673.022,19.212
Experiment_01_Data_Preparation\Phase_02_Integrity_Verification\Step_02_Data_Cleaning\CSE-CIC-IDS2018\Cleaned_Data\cleaned_part_00066.csv.gz,Experiment_01_Data_Preparation\Phase_02_Integrity_Verification\Step_02_Data_Cleaning\CSE-CIC-IDS2018\Cleaned_Data,cleaned_part_00066.csv.gz,.gz,4940750,4824.951,4.712
Experiment_01_Data_Preparation\Phase_02_Integrity_Verification\Step_02_Data_Cleaning\CSE-CIC-IDS2018\Cleaned_Data\cleaned_part_00067.csv.gz,Experiment_01_Data_Preparation\Phase_02_Integrity_Verification\Step_02_Data_Cleaning\CSE-CIC-IDS2018\Cleaned_Data,cleaned_part_00067.csv.gz,.gz,20425475,19946.753,19.479
Experiment_01_Data_Preparation\Phase_02_Integrity_Verification\Step_02_Data_Cleaning\CSE-CIC-IDS2018\Cleaned_Data\cleaned_part_00068.csv.gz,Experiment_01_Data_Preparation\Phase_02_Integrity_Verification\Step_02_Data_Cleaning\CSE-CIC-IDS2018\Cleaned_Data,cleaned_part_00068.csv.gz,.gz,20197525,19724.146,19.262
Experiment_01_Data_Preparation\Phase_02_Integrity_Verification\Step_02_Data_Cleaning\CSE-CIC-IDS2018\Cleaned_Data\cleaned_part_00069.csv.gz,Experiment_01_Data_Preparation\Phase_02_Integrity_Verification\Step_02_Data_Cleaning\CSE-CIC-IDS2018\Cleaned_Data,cleaned_part_00069.csv.gz,.gz,20124702,19653.029,19.192
Experiment_01_Data_Preparation\Phase_02_Integrity_Verification\Step_02_Data_Cleaning\CSE-CIC-IDS2018\Cleaned_Data\cleaned_part_00070.csv.gz,Experiment_01_Data_Preparation\Phase_02_Integrity_Verification\Step_02_Data_Cleaning\CSE-CIC-IDS2018\Cleaned_Data,cleaned_part_00070.csv.gz,.gz,20514774,20033.959,19.564
Experiment_01_Data_Preparation\Phase_02_Integrity_Verification\Step_02_Data_Cleaning\CSE-CIC-IDS2018\Cleaned_Data\cleaned_part_00071.csv.gz,Experiment_01_Data_Preparation\Phase_02_Integrity_Verification\Step_02_Data_Cleaning\CSE-CIC-IDS2018\Cleaned_Data,cleaned_part_00071.csv.gz,.gz,20556407,20074.616,19.604
Experiment_01_Data_Preparation\Phase_02_Integrity_Verification\Step_02_Data_Cleaning\CSE-CIC-IDS2018\Cleaned_Data\cleaned_part_00072.csv.gz,Experiment_01_Data_Preparation\Phase_02_Integrity_Verification\Step_02_Data_Cleaning\CSE-CIC-IDS2018\Cleaned_Data,cleaned_part_00072.csv.gz,.gz,4778298,4666.307,4.557
Experiment_01_Data_Preparation\Phase_02_Integrity_Verification\Step_02_Data_Cleaning\CSE-CIC-IDS2018\Cleaned_Data\cleaned_part_00073.csv.gz,Experiment_01_Data_Preparation\Phase_02_Integrity_Verification\Step_02_Data_Cleaning\CSE-CIC-IDS2018\Cleaned_Data,cleaned_part_00073.csv.gz,.gz,2428629,2371.708,2.316
Experiment_01_Data_Preparation\Phase_02_Integrity_Verification\Step_02_Data_Cleaning\CSE-CIC-IDS2018\Cleaned_Data\cleaned_part_00074.csv.gz,Experiment_01_Data_Preparation\Phase_02_Integrity_Verification\Step_02_Data_Cleaning\CSE-CIC-IDS2018\Cleaned_Data,cleaned_part_00074.csv.gz,.gz,11485169,11215.985,10.953
Experiment_01_Data_Preparation\Phase_02_Integrity_Verification\Step_02_Data_Cleaning\CSE-CIC-IDS2018\Cleaned_Data\cleaned_part_00075.csv.gz,Experiment_01_Data_Preparation\Phase_02_Integrity_Verification\Step_02_Data_Cleaning\CSE-CIC-IDS2018\Cleaned_Data,cleaned_part_00075.csv.gz,.gz,20720194,20234.564,19.76
Experiment_01_Data_Preparation\Phase_02_Integrity_Verification\Step_02_Data_Cleaning\CSE-CIC-IDS2018\Cleaned_Data\cleaned_part_00076.csv.gz,Experiment_01_Data_Preparation\Phase_02_Integrity_Verification\Step_02_Data_Cleaning\CSE-CIC-IDS2018\Cleaned_Data,cleaned_part_00076.csv.gz,.gz,21383961,20882.774,20.393
Experiment_01_Data_Preparation\Phase_02_Integrity_Verification\Step_02_Data_Cleaning\CSE-CIC-IDS2018\Cleaned_Data\cleaned_part_00077.csv.gz,Experiment_01_Data_Preparation\Phase_02_Integrity_Verification\Step_02_Data_Cleaning\CSE-CIC-IDS2018\Cleaned_Data,cleaned_part_00077.csv.gz,.gz,20484396,20004.293,19.535
Experiment_01_Data_Preparation\Phase_02_Integrity_Verification\Step_02_Data_Cleaning\CSE-CIC-IDS2018\Cleaned_Data\cleaned_part_00078.csv.gz,Experiment_01_Data_Preparation\Phase_02_Integrity_Verification\Step_02_Data_Cleaning\CSE-CIC-IDS2018\Cleaned_Data,cleaned_part_00078.csv.gz,.gz,4983349,4866.552,4.752
Experiment_01_Data_Preparation\Phase_02_Integrity_Verification\Step_02_Data_Cleaning\CSE-CIC-IDS2018\Cleaned_Data\cleaned_part_00079.csv.gz,Experiment_01_Data_Preparation\Phase_02_Integrity_Verification\Step_02_Data_Cleaning\CSE-CIC-IDS2018\Cleaned_Data,cleaned_part_00079.csv.gz,.gz,12684825,12387.524,12.097
Experiment_01_Data_Preparation\Phase_02_Integrity_Verification\Step_02_Data_Cleaning\CSE-CIC-IDS2018\Cleaned_Data\cleaned_part_00080.csv.gz,Experiment_01_Data_Preparation\Phase_02_Integrity_Verification\Step_02_Data_Cleaning\CSE-CIC-IDS2018\Cleaned_Data,cleaned_part_00080.csv.gz,.gz,11757445,11481.88,11.213
Experiment_01_Data_Preparation\Phase_02_Integrity_Verification\Step_02_Data_Cleaning\CSE-CIC-IDS2018\Cleaned_Data\cleaned_part_00081.csv.gz,Experiment_01_Data_Preparation\Phase_02_Integrity_Verification\Step_02_Data_Cleaning\CSE-CIC-IDS2018\Cleaned_Data,cleaned_part_00081.csv.gz,.gz,11078319,10818.671,10.565
Experiment_01_Data_Preparation\Phase_02_Integrity_Verification\Step_02_Data_Cleaning\CSE-CIC-IDS2018\Cleaned_Data\cleaned_part_00082.csv.gz,Experiment_01_Data_Preparation\Phase_02_Integrity_Verification\Step_02_Data_Cleaning\CSE-CIC-IDS2018\Cleaned_Data,cleaned_part_00082.csv.gz,.gz,11043481,10784.649,10.532
Experiment_01_Data_Preparation\Phase_02_Integrity_Verification\Step_02_Data_Cleaning\CSE-CIC-IDS2018\Cleaned_Data\cleaned_part_00083.csv.gz,Experiment_01_Data_Preparation\Phase_02_Integrity_Verification\Step_02_Data_Cleaning\CSE-CIC-IDS2018\Cleaned_Data,cleaned_part_00083.csv.gz,.gz,11152108,10890.73,10.635
Experiment_01_Data_Preparation\Phase_02_Integrity_Verification\Step_02_Data_Cleaning\CSE-CIC-IDS2018\Cleaned_Data\cleaned_part_00084.csv.gz,Experiment_01_Data_Preparation\Phase_02_Integrity_Verification\Step_02_Data_Cleaning\CSE-CIC-IDS2018\Cleaned_Data,cleaned_part_00084.csv.gz,.gz,2660167,2597.819,2.537
Experiment_01_Data_Preparation\Phase_02_Integrity_Verification\Step_02_Data_Cleaning\CSE-CIC-IDS2018\Cleaned_Data\cleaned_part_00085.csv.gz,Experiment_01_Data_Preparation\Phase_02_Integrity_Verification\Step_02_Data_Cleaning\CSE-CIC-IDS2018\Cleaned_Data,cleaned_part_00085.csv.gz,.gz,20044410,19574.619,19.116
Experiment_01_Data_Preparation\Phase_02_Integrity_Verification\Step_02_Data_Cleaning\CSE-CIC-IDS2018\Cleaned_Data\cleaned_part_00086.csv.gz,Experiment_01_Data_Preparation\Phase_02_Integrity_Verification\Step_02_Data_Cleaning\CSE-CIC-IDS2018\Cleaned_Data,cleaned_part_00086.csv.gz,.gz,18198349,17771.825,17.355
Experiment_01_Data_Preparation\Phase_02_Integrity_Verification\Step_02_Data_Cleaning\CSE-CIC-IDS2018\Cleaned_Data\cleaned_part_00087.csv.gz,Experiment_01_Data_Preparation\Phase_02_Integrity_Verification\Step_02_Data_Cleaning\CSE-CIC-IDS2018\Cleaned_Data,cleaned_part_00087.csv.gz,.gz,18761740,18322.012,17.893
Experiment_01_Data_Preparation\Phase_02_Integrity_Verification\Step_02_Data_Cleaning\CSE-CIC-IDS2018\Cleaned_Data\cleaned_part_00088.csv.gz,Experiment_01_Data_Preparation\Phase_02_Integrity_Verification\Step_02_Data_Cleaning\CSE-CIC-IDS2018\Cleaned_Data,cleaned_part_00088.csv.gz,.gz,688730,672.588,0.657
Experiment_01_Data_Preparation\Phase_02_Integrity_Verification\Step_02_Data_Cleaning\CSE-CIC-IDS2018\Manifests\global_row_hashes.sqlite,Experiment_01_Data_Preparation\Phase_02_Integrity_Verification\Step_02_Data_Cleaning\CSE-CIC-IDS2018\Manifests,global_row_hashes.sqlite,.sqlite,958881792,936408.0,914.461
Experiment_01_Data_Preparation\Phase_02_Integrity_Verification\Step_02_Data_Cleaning\CSE-CIC-IDS2018\Manifests\source_file_manifest.json,Experiment_01_Data_Preparation\Phase_02_Integrity_Verification\Step_02_Data_Cleaning\CSE-CIC-IDS2018\Manifests,source_file_manifest.json,.json,3916,3.824,0.004
Experiment_01_Data_Preparation\Phase_02_Integrity_Verification\Step_02_Data_Cleaning\CSE-CIC-IDS2018\Reports\Binary_Label_Distribution.csv,Experiment_01_Data_Preparation\Phase_02_Integrity_Verification\Step_02_Data_Cleaning\CSE-CIC-IDS2018\Reports,Binary_Label_Distribution.csv,.csv,68,0.066,0.0
Experiment_01_Data_Preparation\Phase_02_Integrity_Verification\Step_02_Data_Cleaning\CSE-CIC-IDS2018\Reports\Label_Distribution.csv,Experiment_01_Data_Preparation\Phase_02_Integrity_Verification\Step_02_Data_Cleaning\CSE-CIC-IDS2018\Reports,Label_Distribution.csv,.csv,367,0.358,0.0
Experiment_01_Data_Preparation\Phase_02_Integrity_Verification\Step_02_Data_Cleaning\Logs\step_02_data_cleaning.log,Experiment_01_Data_Preparation\Phase_02_Integrity_Verification\Step_02_Data_Cleaning\Logs,step_02_data_cleaning.log,.log,26438,25.818,0.025
Experiment_01_Data_Preparation\Phase_02_Integrity_Verification\Step_02_Data_Cleaning\Manifests\step_02_run_manifest.json,Experiment_01_Data_Preparation\Phase_02_Integrity_Verification\Step_02_Data_Cleaning\Manifests,step_02_run_manifest.json,.json,721,0.704,0.001
Experiment_01_Data_Preparation\Phase_02_Integrity_Verification\Step_02_Data_Cleaning\Reports\Dataset_Cleaning_Summary.csv,Experiment_01_Data_Preparation\Phase_02_Integrity_Verification\Step_02_Data_Cleaning\Reports,Dataset_Cleaning_Summary.csv,.csv,1657,1.618,0.002
Experiment_01_Data_Preparation\Phase_02_Integrity_Verification\Step_02_Data_Cleaning\Reports\Dataset_Cleaning_Summary.json,Experiment_01_Data_Preparation\Phase_02_Integrity_Verification\Step_02_Data_Cleaning\Reports,Dataset_Cleaning_Summary.json,.json,3261,3.185,0.003
Experiment_01_Data_Preparation\Phase_02_Integrity_Verification\Step_02_Data_Cleaning\Reports\File_Cleaning_Summary.csv,Experiment_01_Data_Preparation\Phase_02_Integrity_Verification\Step_02_Data_Cleaning\Reports,File_Cleaning_Summary.csv,.csv,6677,6.521,0.006
Experiment_01_Data_Preparation\Phase_02_Integrity_Verification\Step_02_Data_Cleaning\UNSW-NB15\Cleaned_Data\cleaned_part_00001.csv.gz,Experiment_01_Data_Preparation\Phase_02_Integrity_Verification\Step_02_Data_Cleaning\UNSW-NB15\Cleaned_Data,cleaned_part_00001.csv.gz,.gz,926762,905.041,0.884
Experiment_01_Data_Preparation\Phase_02_Integrity_Verification\Step_02_Data_Cleaning\UNSW-NB15\Cleaned_Data\cleaned_part_00002.csv.gz,Experiment_01_Data_Preparation\Phase_02_Integrity_Verification\Step_02_Data_Cleaning\UNSW-NB15\Cleaned_Data,cleaned_part_00002.csv.gz,.gz,55031,53.741,0.052
Experiment_01_Data_Preparation\Phase_02_Integrity_Verification\Step_02_Data_Cleaning\UNSW-NB15\Cleaned_Data\cleaned_part_00003.csv.gz,Experiment_01_Data_Preparation\Phase_02_Integrity_Verification\Step_02_Data_Cleaning\UNSW-NB15\Cleaned_Data,cleaned_part_00003.csv.gz,.gz,838946,819.283,0.8
Experiment_01_Data_Preparation\Phase_02_Integrity_Verification\Step_02_Data_Cleaning\UNSW-NB15\Cleaned_Data\cleaned_part_00004.csv.gz,Experiment_01_Data_Preparation\Phase_02_Integrity_Verification\Step_02_Data_Cleaning\UNSW-NB15\Cleaned_Data,cleaned_part_00004.csv.gz,.gz,361966,353.482,0.345
Experiment_01_Data_Preparation\Phase_02_Integrity_Verification\Step_02_Data_Cleaning\UNSW-NB15\Cleaned_Data\cleaned_part_00005.csv.gz,Experiment_01_Data_Preparation\Phase_02_Integrity_Verification\Step_02_Data_Cleaning\UNSW-NB15\Cleaned_Data,cleaned_part_00005.csv.gz,.gz,678605,662.7,0.647
Experiment_01_Data_Preparation\Phase_02_Integrity_Verification\Step_02_Data_Cleaning\UNSW-NB15\Cleaned_Data\cleaned_part_00006.csv.gz,Experiment_01_Data_Preparation\Phase_02_Integrity_Verification\Step_02_Data_Cleaning\UNSW-NB15\Cleaned_Data,cleaned_part_00006.csv.gz,.gz,659128,643.68,0.629
Experiment_01_Data_Preparation\Phase_02_Integrity_Verification\Step_02_Data_Cleaning\UNSW-NB15\Cleaned_Data\cleaned_part_00007.csv.gz,Experiment_01_Data_Preparation\Phase_02_Integrity_Verification\Step_02_Data_Cleaning\UNSW-NB15\Cleaned_Data,cleaned_part_00007.csv.gz,.gz,656820,641.426,0.626
Experiment_01_Data_Preparation\Phase_02_Integrity_Verification\Step_02_Data_Cleaning\UNSW-NB15\Cleaned_Data\cleaned_part_00008.csv.gz,Experiment_01_Data_Preparation\Phase_02_Integrity_Verification\Step_02_Data_Cleaning\UNSW-NB15\Cleaned_Data,cleaned_part_00008.csv.gz,.gz,398448,389.109,0.38
Experiment_01_Data_Preparation\Phase_02_Integrity_Verification\Step_02_Data_Cleaning\UNSW-NB15\Cleaned_Data\cleaned_part_00009.csv.gz,Experiment_01_Data_Preparation\Phase_02_Integrity_Verification\Step_02_Data_Cleaning\UNSW-NB15\Cleaned_Data,cleaned_part_00009.csv.gz,.gz,596795,582.808,0.569
Experiment_01_Data_Preparation\Phase_02_Integrity_Verification\Step_02_Data_Cleaning\UNSW-NB15\Cleaned_Data\cleaned_part_00010.csv.gz,Experiment_01_Data_Preparation\Phase_02_Integrity_Verification\Step_02_Data_Cleaning\UNSW-NB15\Cleaned_Data,cleaned_part_00010.csv.gz,.gz,732626,715.455,0.699
Experiment_01_Data_Preparation\Phase_02_Integrity_Verification\Step_02_Data_Cleaning\UNSW-NB15\Cleaned_Data\cleaned_part_00011.csv.gz,Experiment_01_Data_Preparation\Phase_02_Integrity_Verification\Step_02_Data_Cleaning\UNSW-NB15\Cleaned_Data,cleaned_part_00011.csv.gz,.gz,131643,128.558,0.126
Experiment_01_Data_Preparation\Phase_02_Integrity_Verification\Step_02_Data_Cleaning\UNSW-NB15\Manifests\global_row_hashes.sqlite,Experiment_01_Data_Preparation\Phase_02_Integrity_Verification\Step_02_Data_Cleaning\UNSW-NB15\Manifests,global_row_hashes.sqlite,.sqlite,5849088,5712.0,5.578
Experiment_01_Data_Preparation\Phase_02_Integrity_Verification\Step_02_Data_Cleaning\UNSW-NB15\Manifests\source_file_manifest.json,Experiment_01_Data_Preparation\Phase_02_Integrity_Verification\Step_02_Data_Cleaning\UNSW-NB15\Manifests,source_file_manifest.json,.json,1418,1.385,0.001
Experiment_01_Data_Preparation\Phase_02_Integrity_Verification\Step_02_Data_Cleaning\UNSW-NB15\Reports\Binary_Label_Distribution.csv,Experiment_01_Data_Preparation\Phase_02_Integrity_Verification\Step_02_Data_Cleaning\UNSW-NB15\Reports,Binary_Label_Distribution.csv,.csv,59,0.058,0.0
Experiment_01_Data_Preparation\Phase_02_Integrity_Verification\Step_02_Data_Cleaning\UNSW-NB15\Reports\Label_Distribution.csv,Experiment_01_Data_Preparation\Phase_02_Integrity_Verification\Step_02_Data_Cleaning\UNSW-NB15\Reports,Label_Distribution.csv,.csv,163,0.159,0.0
Experiment_01_Data_Preparation\CSE-CIC-IDS2018_Download.log,Experiment_01_Data_Preparation,CSE-CIC-IDS2018_Download.log,.log,2548,2.488,0.002
Experiment_02_Baseline_Models\Experiment_01_Baseline_Classification\CICIDS2017\Decision_Tree\Metrics\classification_report.json,Experiment_02_Baseline_Models\Experiment_01_Baseline_Classification\CICIDS2017\Decision_Tree\Metrics,classification_report.json,.json,669,0.653,0.001
Experiment_02_Baseline_Models\Experiment_01_Baseline_Classification\CICIDS2017\Decision_Tree\Metrics\confusion_matrix.csv,Experiment_02_Baseline_Models\Experiment_01_Baseline_Classification\CICIDS2017\Decision_Tree\Metrics,confusion_matrix.csv,.csv,96,0.094,0.0
Experiment_02_Baseline_Models\Experiment_01_Baseline_Classification\CICIDS2017\Decision_Tree\Metrics\test_metrics.json,Experiment_02_Baseline_Models\Experiment_01_Baseline_Classification\CICIDS2017\Decision_Tree\Metrics,test_metrics.json,.json,473,0.462,0.0
Experiment_02_Baseline_Models\Experiment_01_Baseline_Classification\CICIDS2017\Decision_Tree\Metrics\validation_metrics.json,Experiment_02_Baseline_Models\Experiment_01_Baseline_Classification\CICIDS2017\Decision_Tree\Metrics,validation_metrics.json,.json,134,0.131,0.0
Experiment_02_Baseline_Models\Experiment_01_Baseline_Classification\CICIDS2017\Decision_Tree\Model\trained_pipeline.pkl,Experiment_02_Baseline_Models\Experiment_01_Baseline_Classification\CICIDS2017\Decision_Tree\Model,trained_pipeline.pkl,.pkl,225285,220.005,0.215
Experiment_02_Baseline_Models\Experiment_01_Baseline_Classification\CICIDS2017\Decision_Tree\Predictions\test_predictions.csv,Experiment_02_Baseline_Models\Experiment_01_Baseline_Classification\CICIDS2017\Decision_Tree\Predictions,test_predictions.csv,.csv,1800284,1758.09,1.717
Experiment_02_Baseline_Models\Experiment_01_Baseline_Classification\CICIDS2017\Random_Forest\Metrics\classification_report.json,Experiment_02_Baseline_Models\Experiment_01_Baseline_Classification\CICIDS2017\Random_Forest\Metrics,classification_report.json,.json,666,0.65,0.001
Experiment_02_Baseline_Models\Experiment_01_Baseline_Classification\CICIDS2017\Random_Forest\Metrics\confusion_matrix.csv,Experiment_02_Baseline_Models\Experiment_01_Baseline_Classification\CICIDS2017\Random_Forest\Metrics,confusion_matrix.csv,.csv,96,0.094,0.0
Experiment_02_Baseline_Models\Experiment_01_Baseline_Classification\CICIDS2017\Random_Forest\Metrics\test_metrics.json,Experiment_02_Baseline_Models\Experiment_01_Baseline_Classification\CICIDS2017\Random_Forest\Metrics,test_metrics.json,.json,472,0.461,0.0
Experiment_02_Baseline_Models\Experiment_01_Baseline_Classification\CICIDS2017\Random_Forest\Metrics\validation_metrics.json,Experiment_02_Baseline_Models\Experiment_01_Baseline_Classification\CICIDS2017\Random_Forest\Metrics,validation_metrics.json,.json,133,0.13,0.0
Experiment_02_Baseline_Models\Experiment_01_Baseline_Classification\CICIDS2017\Random_Forest\Model\trained_pipeline.pkl,Experiment_02_Baseline_Models\Experiment_01_Baseline_Classification\CICIDS2017\Random_Forest\Model,trained_pipeline.pkl,.pkl,52387232,51159.406,49.96
Experiment_02_Baseline_Models\Experiment_01_Baseline_Classification\CICIDS2017\Random_Forest\Predictions\test_predictions.csv,Experiment_02_Baseline_Models\Experiment_01_Baseline_Classification\CICIDS2017\Random_Forest\Predictions,test_predictions.csv,.csv,1812568,1770.086,1.729
Experiment_02_Baseline_Models\Experiment_01_Baseline_Classification\CICIDS2017\XGBoost\Metrics\classification_report.json,Experiment_02_Baseline_Models\Experiment_01_Baseline_Classification\CICIDS2017\XGBoost\Metrics,classification_report.json,.json,666,0.65,0.001
Experiment_02_Baseline_Models\Experiment_01_Baseline_Classification\CICIDS2017\XGBoost\Metrics\confusion_matrix.csv,Experiment_02_Baseline_Models\Experiment_01_Baseline_Classification\CICIDS2017\XGBoost\Metrics,confusion_matrix.csv,.csv,95,0.093,0.0
Experiment_02_Baseline_Models\Experiment_01_Baseline_Classification\CICIDS2017\XGBoost\Metrics\test_metrics.json,Experiment_02_Baseline_Models\Experiment_01_Baseline_Classification\CICIDS2017\XGBoost\Metrics,test_metrics.json,.json,469,0.458,0.0
Experiment_02_Baseline_Models\Experiment_01_Baseline_Classification\CICIDS2017\XGBoost\Metrics\validation_metrics.json,Experiment_02_Baseline_Models\Experiment_01_Baseline_Classification\CICIDS2017\XGBoost\Metrics,validation_metrics.json,.json,134,0.131,0.0
Experiment_02_Baseline_Models\Experiment_01_Baseline_Classification\CICIDS2017\XGBoost\Model\trained_pipeline.pkl,Experiment_02_Baseline_Models\Experiment_01_Baseline_Classification\CICIDS2017\XGBoost\Model,trained_pipeline.pkl,.pkl,1290623,1260.374,1.231
Experiment_02_Baseline_Models\Experiment_01_Baseline_Classification\CICIDS2017\XGBoost\Predictions\test_predictions.csv,Experiment_02_Baseline_Models\Experiment_01_Baseline_Classification\CICIDS2017\XGBoost\Predictions,test_predictions.csv,.csv,3618040,3533.242,3.45
Experiment_02_Baseline_Models\Experiment_01_Baseline_Classification\CICIDS2017\dataset_split_summary.csv,Experiment_02_Baseline_Models\Experiment_01_Baseline_Classification\CICIDS2017,dataset_split_summary.csv,.csv,120,0.117,0.0
Experiment_02_Baseline_Models\Experiment_01_Baseline_Classification\CICIDS2017\feature_manifest.json,Experiment_02_Baseline_Models\Experiment_01_Baseline_Classification\CICIDS2017,feature_manifest.json,.json,2248,2.195,0.002
Experiment_02_Baseline_Models\Experiment_01_Baseline_Classification\CSE-CIC-IDS2018\CatBoost\Metrics\classification_report.json,Experiment_02_Baseline_Models\Experiment_01_Baseline_Classification\CSE-CIC-IDS2018\CatBoost\Metrics,classification_report.json,.json,669,0.653,0.001
Experiment_02_Baseline_Models\Experiment_01_Baseline_Classification\CSE-CIC-IDS2018\CatBoost\Metrics\confusion_matrix.csv,Experiment_02_Baseline_Models\Experiment_01_Baseline_Classification\CSE-CIC-IDS2018\CatBoost\Metrics,confusion_matrix.csv,.csv,96,0.094,0.0
Experiment_02_Baseline_Models\Experiment_01_Baseline_Classification\CSE-CIC-IDS2018\CatBoost\Metrics\test_metrics.json,Experiment_02_Baseline_Models\Experiment_01_Baseline_Classification\CSE-CIC-IDS2018\CatBoost\Metrics,test_metrics.json,.json,475,0.464,0.0
Experiment_02_Baseline_Models\Experiment_01_Baseline_Classification\CSE-CIC-IDS2018\CatBoost\Metrics\validation_metrics.json,Experiment_02_Baseline_Models\Experiment_01_Baseline_Classification\CSE-CIC-IDS2018\CatBoost\Metrics,validation_metrics.json,.json,134,0.131,0.0
Experiment_02_Baseline_Models\Experiment_01_Baseline_Classification\CSE-CIC-IDS2018\CatBoost\Model\trained_pipeline.pkl,Experiment_02_Baseline_Models\Experiment_01_Baseline_Classification\CSE-CIC-IDS2018\CatBoost\Model,trained_pipeline.pkl,.pkl,1280853,1250.833,1.222
Experiment_02_Baseline_Models\Experiment_01_Baseline_Classification\CSE-CIC-IDS2018\CatBoost\Predictions\test_predictions.csv,Experiment_02_Baseline_Models\Experiment_01_Baseline_Classification\CSE-CIC-IDS2018\CatBoost\Predictions,test_predictions.csv,.csv,5256883,5133.675,5.013
Experiment_02_Baseline_Models\Experiment_01_Baseline_Classification\CSE-CIC-IDS2018\Decision_Tree\Metrics\classification_report.json,Experiment_02_Baseline_Models\Experiment_01_Baseline_Classification\CSE-CIC-IDS2018\Decision_Tree\Metrics,classification_report.json,.json,653,0.638,0.001
Experiment_02_Baseline_Models\Experiment_01_Baseline_Classification\CSE-CIC-IDS2018\Decision_Tree\Metrics\confusion_matrix.csv,Experiment_02_Baseline_Models\Experiment_01_Baseline_Classification\CSE-CIC-IDS2018\Decision_Tree\Metrics,confusion_matrix.csv,.csv,98,0.096,0.0
Experiment_02_Baseline_Models\Experiment_01_Baseline_Classification\CSE-CIC-IDS2018\Decision_Tree\Metrics\test_metrics.json,Experiment_02_Baseline_Models\Experiment_01_Baseline_Classification\CSE-CIC-IDS2018\Decision_Tree\Metrics,test_metrics.json,.json,476,0.465,0.0
Experiment_02_Baseline_Models\Experiment_01_Baseline_Classification\CSE-CIC-IDS2018\Decision_Tree\Metrics\validation_metrics.json,Experiment_02_Baseline_Models\Experiment_01_Baseline_Classification\CSE-CIC-IDS2018\Decision_Tree\Metrics,validation_metrics.json,.json,134,0.131,0.0
Experiment_02_Baseline_Models\Experiment_01_Baseline_Classification\CSE-CIC-IDS2018\Decision_Tree\Model\trained_pipeline.pkl,Experiment_02_Baseline_Models\Experiment_01_Baseline_Classification\CSE-CIC-IDS2018\Decision_Tree\Model,trained_pipeline.pkl,.pkl,2041931,1994.073,1.947
Experiment_02_Baseline_Models\Experiment_01_Baseline_Classification\CSE-CIC-IDS2018\Decision_Tree\Predictions\test_predictions.csv,Experiment_02_Baseline_Models\Experiment_01_Baseline_Classification\CSE-CIC-IDS2018\Decision_Tree\Predictions,test_predictions.csv,.csv,1811382,1768.928,1.727
Experiment_02_Baseline_Models\Experiment_01_Baseline_Classification\CSE-CIC-IDS2018\LightGBM\Metrics\classification_report.json,Experiment_02_Baseline_Models\Experiment_01_Baseline_Classification\CSE-CIC-IDS2018\LightGBM\Metrics,classification_report.json,.json,669,0.653,0.001
Experiment_02_Baseline_Models\Experiment_01_Baseline_Classification\CSE-CIC-IDS2018\LightGBM\Metrics\confusion_matrix.csv,Experiment_02_Baseline_Models\Experiment_01_Baseline_Classification\CSE-CIC-IDS2018\LightGBM\Metrics,confusion_matrix.csv,.csv,98,0.096,0.0
Experiment_02_Baseline_Models\Experiment_01_Baseline_Classification\CSE-CIC-IDS2018\LightGBM\Metrics\test_metrics.json,Experiment_02_Baseline_Models\Experiment_01_Baseline_Classification\CSE-CIC-IDS2018\LightGBM\Metrics,test_metrics.json,.json,473,0.462,0.0
Experiment_02_Baseline_Models\Experiment_01_Baseline_Classification\CSE-CIC-IDS2018\LightGBM\Metrics\validation_metrics.json,Experiment_02_Baseline_Models\Experiment_01_Baseline_Classification\CSE-CIC-IDS2018\LightGBM\Metrics,validation_metrics.json,.json,133,0.13,0.0
Experiment_02_Baseline_Models\Experiment_01_Baseline_Classification\CSE-CIC-IDS2018\LightGBM\Model\trained_pipeline.pkl,Experiment_02_Baseline_Models\Experiment_01_Baseline_Classification\CSE-CIC-IDS2018\LightGBM\Model,trained_pipeline.pkl,.pkl,2126995,2077.144,2.028
Experiment_02_Baseline_Models\Experiment_01_Baseline_Classification\CSE-CIC-IDS2018\LightGBM\Predictions\test_predictions.csv,Experiment_02_Baseline_Models\Experiment_01_Baseline_Classification\CSE-CIC-IDS2018\LightGBM\Predictions,test_predictions.csv,.csv,5241886,5119.029,4.999
Experiment_02_Baseline_Models\Experiment_01_Baseline_Classification\CSE-CIC-IDS2018\Random_Forest\Metrics\classification_report.json,Experiment_02_Baseline_Models\Experiment_01_Baseline_Classification\CSE-CIC-IDS2018\Random_Forest\Metrics,classification_report.json,.json,669,0.653,0.001
Experiment_02_Baseline_Models\Experiment_01_Baseline_Classification\CSE-CIC-IDS2018\Random_Forest\Metrics\confusion_matrix.csv,Experiment_02_Baseline_Models\Experiment_01_Baseline_Classification\CSE-CIC-IDS2018\Random_Forest\Metrics,confusion_matrix.csv,.csv,97,0.095,0.0
Experiment_02_Baseline_Models\Experiment_01_Baseline_Classification\CSE-CIC-IDS2018\Random_Forest\Metrics\test_metrics.json,Experiment_02_Baseline_Models\Experiment_01_Baseline_Classification\CSE-CIC-IDS2018\Random_Forest\Metrics,test_metrics.json,.json,479,0.468,0.0
Experiment_02_Baseline_Models\Experiment_01_Baseline_Classification\CSE-CIC-IDS2018\Random_Forest\Metrics\validation_metrics.json,Experiment_02_Baseline_Models\Experiment_01_Baseline_Classification\CSE-CIC-IDS2018\Random_Forest\Metrics,validation_metrics.json,.json,134,0.131,0.0
Experiment_02_Baseline_Models\Experiment_01_Baseline_Classification\CSE-CIC-IDS2018\Random_Forest\Model\trained_pipeline.pkl,Experiment_02_Baseline_Models\Experiment_01_Baseline_Classification\CSE-CIC-IDS2018\Random_Forest\Model,trained_pipeline.pkl,.pkl,369147875,360495.972,352.047
Experiment_02_Baseline_Models\Experiment_01_Baseline_Classification\CSE-CIC-IDS2018\Random_Forest\Predictions\test_predictions.csv,Experiment_02_Baseline_Models\Experiment_01_Baseline_Classification\CSE-CIC-IDS2018\Random_Forest\Predictions,test_predictions.csv,.csv,1934919,1889.569,1.845
Experiment_02_Baseline_Models\Experiment_01_Baseline_Classification\CSE-CIC-IDS2018\XGBoost\Metrics\classification_report.json,Experiment_02_Baseline_Models\Experiment_01_Baseline_Classification\CSE-CIC-IDS2018\XGBoost\Metrics,classification_report.json,.json,667,0.651,0.001
Experiment_02_Baseline_Models\Experiment_01_Baseline_Classification\CSE-CIC-IDS2018\XGBoost\Metrics\confusion_matrix.csv,Experiment_02_Baseline_Models\Experiment_01_Baseline_Classification\CSE-CIC-IDS2018\XGBoost\Metrics,confusion_matrix.csv,.csv,96,0.094,0.0
Experiment_02_Baseline_Models\Experiment_01_Baseline_Classification\CSE-CIC-IDS2018\XGBoost\Metrics\test_metrics.json,Experiment_02_Baseline_Models\Experiment_01_Baseline_Classification\CSE-CIC-IDS2018\XGBoost\Metrics,test_metrics.json,.json,473,0.462,0.0
Experiment_02_Baseline_Models\Experiment_01_Baseline_Classification\CSE-CIC-IDS2018\XGBoost\Metrics\validation_metrics.json,Experiment_02_Baseline_Models\Experiment_01_Baseline_Classification\CSE-CIC-IDS2018\XGBoost\Metrics,validation_metrics.json,.json,133,0.13,0.0
Experiment_02_Baseline_Models\Experiment_01_Baseline_Classification\CSE-CIC-IDS2018\XGBoost\Model\trained_pipeline.pkl,Experiment_02_Baseline_Models\Experiment_01_Baseline_Classification\CSE-CIC-IDS2018\XGBoost\Model,trained_pipeline.pkl,.pkl,2054362,2006.213,1.959
Experiment_02_Baseline_Models\Experiment_01_Baseline_Classification\CSE-CIC-IDS2018\XGBoost\Predictions\test_predictions.csv,Experiment_02_Baseline_Models\Experiment_01_Baseline_Classification\CSE-CIC-IDS2018\XGBoost\Predictions,test_predictions.csv,.csv,3533114,3450.307,3.369
Experiment_02_Baseline_Models\Experiment_01_Baseline_Classification\CSE-CIC-IDS2018\dataset_split_summary.csv,Experiment_02_Baseline_Models\Experiment_01_Baseline_Classification\CSE-CIC-IDS2018,dataset_split_summary.csv,.csv,120,0.117,0.0
Experiment_02_Baseline_Models\Experiment_01_Baseline_Classification\CSE-CIC-IDS2018\feature_manifest.json,Experiment_02_Baseline_Models\Experiment_01_Baseline_Classification\CSE-CIC-IDS2018,feature_manifest.json,.json,2100,2.051,0.002
Experiment_02_Baseline_Models\Experiment_01_Baseline_Classification\Logs\experiment_01_baselines.log,Experiment_02_Baseline_Models\Experiment_01_Baseline_Classification\Logs,experiment_01_baselines.log,.log,10423,10.179,0.01
Experiment_02_Baseline_Models\Experiment_01_Baseline_Classification\Manifests\experiment_01_run_manifest.json,Experiment_02_Baseline_Models\Experiment_01_Baseline_Classification\Manifests,experiment_01_run_manifest.json,.json,406,0.396,0.0
Experiment_02_Baseline_Models\Experiment_01_Baseline_Classification\Reports\Baseline_Model_Ranking.csv,Experiment_02_Baseline_Models\Experiment_01_Baseline_Classification\Reports,Baseline_Model_Ranking.csv,.csv,2678,2.615,0.003
Experiment_02_Baseline_Models\Experiment_01_Baseline_Classification\Reports\Baseline_Model_Results.csv,Experiment_02_Baseline_Models\Experiment_01_Baseline_Classification\Reports,Baseline_Model_Results.csv,.csv,2678,2.615,0.003
Experiment_02_Baseline_Models\Experiment_01_Baseline_Classification\Reports\Baseline_Model_Results.json,Experiment_02_Baseline_Models\Experiment_01_Baseline_Classification\Reports,Baseline_Model_Results.json,.json,5171,5.05,0.005
Experiment_02_Baseline_Models\Experiment_01_Baseline_Classification\Reports\Dataset_Readiness.csv,Experiment_02_Baseline_Models\Experiment_01_Baseline_Classification\Reports,Dataset_Readiness.csv,.csv,104,0.102,0.0
Experiment_03_Framework_Validation\Experiment_02_Multiview_Evidence\Phase_02_View_Models\CICIDS2017\Manifests\design.json,Experiment_03_Framework_Validation\Experiment_02_Multiview_Evidence\Phase_02_View_Models\CICIDS2017\Manifests,design.json,.json,4892,4.777,0.005
Experiment_03_Framework_Validation\Experiment_02_Multiview_Evidence\Phase_02_View_Models\CICIDS2017\Models\directional.pkl,Experiment_03_Framework_Validation\Experiment_02_Multiview_Evidence\Phase_02_View_Models\CICIDS2017\Models,directional.pkl,.pkl,1249015,1219.741,1.191
Experiment_03_Framework_Validation\Experiment_02_Multiview_Evidence\Phase_02_View_Models\CICIDS2017\Models\flags_errors.pkl,Experiment_03_Framework_Validation\Experiment_02_Multiview_Evidence\Phase_02_View_Models\CICIDS2017\Models,flags_errors.pkl,.pkl,1515748,1480.223,1.446
Experiment_03_Framework_Validation\Experiment_02_Multiview_Evidence\Phase_02_View_Models\CICIDS2017\Models\temporal.pkl,Experiment_03_Framework_Validation\Experiment_02_Multiview_Evidence\Phase_02_View_Models\CICIDS2017\Models,temporal.pkl,.pkl,2478111,2420.03,2.363
Experiment_03_Framework_Validation\Experiment_02_Multiview_Evidence\Phase_02_View_Models\CICIDS2017\Models\transport.pkl,Experiment_03_Framework_Validation\Experiment_02_Multiview_Evidence\Phase_02_View_Models\CICIDS2017\Models,transport.pkl,.pkl,1647259,1608.651,1.571
Experiment_03_Framework_Validation\Experiment_02_Multiview_Evidence\Phase_02_View_Models\CICIDS2017\Models\volume.pkl,Experiment_03_Framework_Validation\Experiment_02_Multiview_Evidence\Phase_02_View_Models\CICIDS2017\Models,volume.pkl,.pkl,1402559,1369.687,1.338
Experiment_03_Framework_Validation\Experiment_02_Multiview_Evidence\Phase_02_View_Models\CICIDS2017\Predictions\view_predictions_and_reliability.csv,Experiment_03_Framework_Validation\Experiment_02_Multiview_Evidence\Phase_02_View_Models\CICIDS2017\Predictions,view_predictions_and_reliability.csv,.csv,110869787,108271.276,105.734
Experiment_03_Framework_Validation\Experiment_02_Multiview_Evidence\Phase_02_View_Models\CICIDS2017\Reports\view_metrics.csv,Experiment_03_Framework_Validation\Experiment_02_Multiview_Evidence\Phase_02_View_Models\CICIDS2017\Reports,view_metrics.csv,.csv,1929,1.884,0.002
Experiment_03_Framework_Validation\Experiment_02_Multiview_Evidence\Phase_02_View_Models\CSE-CIC-IDS2018\Logs\multiview_execution.log,Experiment_03_Framework_Validation\Experiment_02_Multiview_Evidence\Phase_02_View_Models\CSE-CIC-IDS2018\Logs,multiview_execution.log,.log,24444,23.871,0.023
Experiment_03_Framework_Validation\Experiment_02_Multiview_Evidence\Phase_02_View_Models\CSE-CIC-IDS2018\Manifests\design.json,Experiment_03_Framework_Validation\Experiment_02_Multiview_Evidence\Phase_02_View_Models\CSE-CIC-IDS2018\Manifests,design.json,.json,3627,3.542,0.003
Experiment_03_Framework_Validation\Experiment_02_Multiview_Evidence\Phase_02_View_Models\CSE-CIC-IDS2018\Models\directional.pkl,Experiment_03_Framework_Validation\Experiment_02_Multiview_Evidence\Phase_02_View_Models\CSE-CIC-IDS2018\Models,directional.pkl,.pkl,2063673,2015.306,1.968
Experiment_03_Framework_Validation\Experiment_02_Multiview_Evidence\Phase_02_View_Models\CSE-CIC-IDS2018\Models\directional_pipeline.pkl,Experiment_03_Framework_Validation\Experiment_02_Multiview_Evidence\Phase_02_View_Models\CSE-CIC-IDS2018\Models,directional_pipeline.pkl,.pkl,1725578,1685.135,1.646
Experiment_03_Framework_Validation\Experiment_02_Multiview_Evidence\Phase_02_View_Models\CSE-CIC-IDS2018\Models\flags_errors.pkl,Experiment_03_Framework_Validation\Experiment_02_Multiview_Evidence\Phase_02_View_Models\CSE-CIC-IDS2018\Models,flags_errors.pkl,.pkl,389252,380.129,0.371
Experiment_03_Framework_Validation\Experiment_02_Multiview_Evidence\Phase_02_View_Models\CSE-CIC-IDS2018\Models\flags_errors_pipeline.pkl,Experiment_03_Framework_Validation\Experiment_02_Multiview_Evidence\Phase_02_View_Models\CSE-CIC-IDS2018\Models,flags_errors_pipeline.pkl,.pkl,326195,318.55,0.311
Experiment_03_Framework_Validation\Experiment_02_Multiview_Evidence\Phase_02_View_Models\CSE-CIC-IDS2018\Models\general.pkl,Experiment_03_Framework_Validation\Experiment_02_Multiview_Evidence\Phase_02_View_Models\CSE-CIC-IDS2018\Models,general.pkl,.pkl,2563544,2503.461,2.445
Experiment_03_Framework_Validation\Experiment_02_Multiview_Evidence\Phase_02_View_Models\CSE-CIC-IDS2018\Models\general_pipeline.pkl,Experiment_03_Framework_Validation\Experiment_02_Multiview_Evidence\Phase_02_View_Models\CSE-CIC-IDS2018\Models,general_pipeline.pkl,.pkl,2191428,2140.066,2.09
Experiment_03_Framework_Validation\Experiment_02_Multiview_Evidence\Phase_02_View_Models\CSE-CIC-IDS2018\Models\temporal.pkl,Experiment_03_Framework_Validation\Experiment_02_Multiview_Evidence\Phase_02_View_Models\CSE-CIC-IDS2018\Models,temporal.pkl,.pkl,2595243,2534.417,2.475
Experiment_03_Framework_Validation\Experiment_02_Multiview_Evidence\Phase_02_View_Models\CSE-CIC-IDS2018\Models\temporal_pipeline.pkl,Experiment_03_Framework_Validation\Experiment_02_Multiview_Evidence\Phase_02_View_Models\CSE-CIC-IDS2018\Models,temporal_pipeline.pkl,.pkl,2289451,2235.792,2.183
Experiment_03_Framework_Validation\Experiment_02_Multiview_Evidence\Phase_02_View_Models\CSE-CIC-IDS2018\Models\transport.pkl,Experiment_03_Framework_Validation\Experiment_02_Multiview_Evidence\Phase_02_View_Models\CSE-CIC-IDS2018\Models,transport.pkl,.pkl,1463125,1428.833,1.395
Experiment_03_Framework_Validation\Experiment_02_Multiview_Evidence\Phase_02_View_Models\CSE-CIC-IDS2018\Models\transport_pipeline.pkl,Experiment_03_Framework_Validation\Experiment_02_Multiview_Evidence\Phase_02_View_Models\CSE-CIC-IDS2018\Models,transport_pipeline.pkl,.pkl,1214438,1185.975,1.158
Experiment_03_Framework_Validation\Experiment_02_Multiview_Evidence\Phase_02_View_Models\CSE-CIC-IDS2018\Models\volume.pkl,Experiment_03_Framework_Validation\Experiment_02_Multiview_Evidence\Phase_02_View_Models\CSE-CIC-IDS2018\Models,volume.pkl,.pkl,2418358,2361.678,2.306
Experiment_03_Framework_Validation\Experiment_02_Multiview_Evidence\Phase_02_View_Models\CSE-CIC-IDS2018\Models\volume_pipeline.pkl,Experiment_03_Framework_Validation\Experiment_02_Multiview_Evidence\Phase_02_View_Models\CSE-CIC-IDS2018\Models,volume_pipeline.pkl,.pkl,2076316,2027.652,1.98
Experiment_03_Framework_Validation\Experiment_02_Multiview_Evidence\Phase_02_View_Models\CSE-CIC-IDS2018\Predictions\view_predictions_and_reliability.csv,Experiment_03_Framework_Validation\Experiment_02_Multiview_Evidence\Phase_02_View_Models\CSE-CIC-IDS2018\Predictions,view_predictions_and_reliability.csv,.csv,133698261,130564.708,127.505
Experiment_03_Framework_Validation\Experiment_02_Multiview_Evidence\Phase_02_View_Models\CSE-CIC-IDS2018\Reports\view_metrics.csv,Experiment_03_Framework_Validation\Experiment_02_Multiview_Evidence\Phase_02_View_Models\CSE-CIC-IDS2018\Reports,view_metrics.csv,.csv,2230,2.178,0.002
Experiment_03_Framework_Validation\Experiment_02_Original_Feature_Representation\Phase_01_Original_Feature_Evaluation\CICIDS2017\Figures\test_precision_recall_curve.png,Experiment_03_Framework_Validation\Experiment_02_Original_Feature_Representation\Phase_01_Original_Feature_Evaluation\CICIDS2017\Figures,test_precision_recall_curve.png,.png,75406,73.639,0.072
Experiment_03_Framework_Validation\Experiment_02_Original_Feature_Representation\Phase_01_Original_Feature_Evaluation\CICIDS2017\Figures\test_roc_curve.png,Experiment_03_Framework_Validation\Experiment_02_Original_Feature_Representation\Phase_01_Original_Feature_Evaluation\CICIDS2017\Figures,test_roc_curve.png,.png,109679,107.108,0.105
Experiment_03_Framework_Validation\Experiment_02_Original_Feature_Representation\Phase_01_Original_Feature_Evaluation\CICIDS2017\Manifests\original_feature_manifest.json,Experiment_03_Framework_Validation\Experiment_02_Original_Feature_Representation\Phase_01_Original_Feature_Evaluation\CICIDS2017\Manifests,original_feature_manifest.json,.json,4146,4.049,0.004
Experiment_03_Framework_Validation\Experiment_02_Original_Feature_Representation\Phase_01_Original_Feature_Evaluation\CICIDS2017\Metrics\feature_importance.csv,Experiment_03_Framework_Validation\Experiment_02_Original_Feature_Representation\Phase_01_Original_Feature_Evaluation\CICIDS2017\Metrics,feature_importance.csv,.csv,2738,2.674,0.003
Experiment_03_Framework_Validation\Experiment_02_Original_Feature_Representation\Phase_01_Original_Feature_Evaluation\CICIDS2017\Metrics\feature_importance_top30.png,Experiment_03_Framework_Validation\Experiment_02_Original_Feature_Representation\Phase_01_Original_Feature_Evaluation\CICIDS2017\Metrics,feature_importance_top30.png,.png,349576,341.383,0.333
Experiment_03_Framework_Validation\Experiment_02_Original_Feature_Representation\Phase_01_Original_Feature_Evaluation\CICIDS2017\Metrics\test_classification_report.json,Experiment_03_Framework_Validation\Experiment_02_Original_Feature_Representation\Phase_01_Original_Feature_Evaluation\CICIDS2017\Metrics,test_classification_report.json,.json,666,0.65,0.001
Experiment_03_Framework_Validation\Experiment_02_Original_Feature_Representation\Phase_01_Original_Feature_Evaluation\CICIDS2017\Metrics\test_confusion_matrix.csv,Experiment_03_Framework_Validation\Experiment_02_Original_Feature_Representation\Phase_01_Original_Feature_Evaluation\CICIDS2017\Metrics,test_confusion_matrix.csv,.csv,95,0.093,0.0
Experiment_03_Framework_Validation\Experiment_02_Original_Feature_Representation\Phase_01_Original_Feature_Evaluation\CICIDS2017\Metrics\test_metrics.json,Experiment_03_Framework_Validation\Experiment_02_Original_Feature_Representation\Phase_01_Original_Feature_Evaluation\CICIDS2017\Metrics,test_metrics.json,.json,287,0.28,0.0
Experiment_03_Framework_Validation\Experiment_02_Original_Feature_Representation\Phase_01_Original_Feature_Evaluation\CICIDS2017\Metrics\validation_classification_report.json,Experiment_03_Framework_Validation\Experiment_02_Original_Feature_Representation\Phase_01_Original_Feature_Evaluation\CICIDS2017\Metrics,validation_classification_report.json,.json,646,0.631,0.001
Experiment_03_Framework_Validation\Experiment_02_Original_Feature_Representation\Phase_01_Original_Feature_Evaluation\CICIDS2017\Metrics\validation_metrics.json,Experiment_03_Framework_Validation\Experiment_02_Original_Feature_Representation\Phase_01_Original_Feature_Evaluation\CICIDS2017\Metrics,validation_metrics.json,.json,277,0.271,0.0
Experiment_03_Framework_Validation\Experiment_02_Original_Feature_Representation\Phase_01_Original_Feature_Evaluation\CICIDS2017\Model\original_feature_xgboost_pipeline.pkl,Experiment_03_Framework_Validation\Experiment_02_Original_Feature_Representation\Phase_01_Original_Feature_Evaluation\CICIDS2017\Model,original_feature_xgboost_pipeline.pkl,.pkl,1290648,1260.398,1.231
Experiment_03_Framework_Validation\Experiment_02_Original_Feature_Representation\Phase_01_Original_Feature_Evaluation\CICIDS2017\Predictions\test_predictions.csv,Experiment_03_Framework_Validation\Experiment_02_Original_Feature_Representation\Phase_01_Original_Feature_Evaluation\CICIDS2017\Predictions,test_predictions.csv,.csv,3618040,3533.242,3.45
Experiment_03_Framework_Validation\Experiment_02_Original_Feature_Representation\Phase_01_Original_Feature_Evaluation\CICIDS2017\Predictions\validation_predictions.csv,Experiment_03_Framework_Validation\Experiment_02_Original_Feature_Representation\Phase_01_Original_Feature_Evaluation\CICIDS2017\Predictions,validation_predictions.csv,.csv,1808878,1766.482,1.725
Experiment_03_Framework_Validation\Experiment_02_Original_Feature_Representation\Phase_01_Original_Feature_Evaluation\CICIDS2017\Splits\fixed_split_assignments.csv,Experiment_03_Framework_Validation\Experiment_02_Original_Feature_Representation\Phase_01_Original_Feature_Evaluation\CICIDS2017\Splits,fixed_split_assignments.csv,.csv,14188912,13856.359,13.532
Experiment_03_Framework_Validation\Experiment_02_Original_Feature_Representation\Phase_01_Original_Feature_Evaluation\CICIDS2017\Splits\split_summary.csv,Experiment_03_Framework_Validation\Experiment_02_Original_Feature_Representation\Phase_01_Original_Feature_Evaluation\CICIDS2017\Splits,split_summary.csv,.csv,179,0.175,0.0
Experiment_03_Framework_Validation\Experiment_02_Original_Feature_Representation\Phase_01_Original_Feature_Evaluation\CICIDS2017\experiment_result.json,Experiment_03_Framework_Validation\Experiment_02_Original_Feature_Representation\Phase_01_Original_Feature_Evaluation\CICIDS2017,experiment_result.json,.json,1418,1.385,0.001
Experiment_03_Framework_Validation\Experiment_02_Original_Feature_Representation\Phase_01_Original_Feature_Evaluation\CSE-CIC-IDS2018\Figures\test_precision_recall_curve.png,Experiment_03_Framework_Validation\Experiment_02_Original_Feature_Representation\Phase_01_Original_Feature_Evaluation\CSE-CIC-IDS2018\Figures,test_precision_recall_curve.png,.png,85551,83.546,0.082
Experiment_03_Framework_Validation\Experiment_02_Original_Feature_Representation\Phase_01_Original_Feature_Evaluation\CSE-CIC-IDS2018\Figures\test_roc_curve.png,Experiment_03_Framework_Validation\Experiment_02_Original_Feature_Representation\Phase_01_Original_Feature_Evaluation\CSE-CIC-IDS2018\Figures,test_roc_curve.png,.png,111701,109.083,0.107
Experiment_03_Framework_Validation\Experiment_02_Original_Feature_Representation\Phase_01_Original_Feature_Evaluation\CSE-CIC-IDS2018\Manifests\original_feature_manifest.json,Experiment_03_Framework_Validation\Experiment_02_Original_Feature_Representation\Phase_01_Original_Feature_Evaluation\CSE-CIC-IDS2018\Manifests,original_feature_manifest.json,.json,3803,3.714,0.004
Experiment_03_Framework_Validation\Experiment_02_Original_Feature_Representation\Phase_01_Original_Feature_Evaluation\CSE-CIC-IDS2018\Metrics\feature_importance.csv,Experiment_03_Framework_Validation\Experiment_02_Original_Feature_Representation\Phase_01_Original_Feature_Evaluation\CSE-CIC-IDS2018\Metrics,feature_importance.csv,.csv,2585,2.524,0.002
Experiment_03_Framework_Validation\Experiment_02_Original_Feature_Representation\Phase_01_Original_Feature_Evaluation\CSE-CIC-IDS2018\Metrics\feature_importance_top30.png,Experiment_03_Framework_Validation\Experiment_02_Original_Feature_Representation\Phase_01_Original_Feature_Evaluation\CSE-CIC-IDS2018\Metrics,feature_importance_top30.png,.png,306085,298.911,0.292
Experiment_03_Framework_Validation\Experiment_02_Original_Feature_Representation\Phase_01_Original_Feature_Evaluation\CSE-CIC-IDS2018\Metrics\test_classification_report.json,Experiment_03_Framework_Validation\Experiment_02_Original_Feature_Representation\Phase_01_Original_Feature_Evaluation\CSE-CIC-IDS2018\Metrics,test_classification_report.json,.json,667,0.651,0.001
Experiment_03_Framework_Validation\Experiment_02_Original_Feature_Representation\Phase_01_Original_Feature_Evaluation\CSE-CIC-IDS2018\Metrics\test_confusion_matrix.csv,Experiment_03_Framework_Validation\Experiment_02_Original_Feature_Representation\Phase_01_Original_Feature_Evaluation\CSE-CIC-IDS2018\Metrics,test_confusion_matrix.csv,.csv,96,0.094,0.0
Experiment_03_Framework_Validation\Experiment_02_Original_Feature_Representation\Phase_01_Original_Feature_Evaluation\CSE-CIC-IDS2018\Metrics\test_metrics.json,Experiment_03_Framework_Validation\Experiment_02_Original_Feature_Representation\Phase_01_Original_Feature_Evaluation\CSE-CIC-IDS2018\Metrics,test_metrics.json,.json,286,0.279,0.0
Experiment_03_Framework_Validation\Experiment_02_Original_Feature_Representation\Phase_01_Original_Feature_Evaluation\CSE-CIC-IDS2018\Metrics\validation_classification_report.json,Experiment_03_Framework_Validation\Experiment_02_Original_Feature_Representation\Phase_01_Original_Feature_Evaluation\CSE-CIC-IDS2018\Metrics,validation_classification_report.json,.json,646,0.631,0.001
Experiment_03_Framework_Validation\Experiment_02_Original_Feature_Representation\Phase_01_Original_Feature_Evaluation\CSE-CIC-IDS2018\Metrics\validation_metrics.json,Experiment_03_Framework_Validation\Experiment_02_Original_Feature_Representation\Phase_01_Original_Feature_Evaluation\CSE-CIC-IDS2018\Metrics,validation_metrics.json,.json,276,0.27,0.0
Experiment_03_Framework_Validation\Experiment_02_Original_Feature_Representation\Phase_01_Original_Feature_Evaluation\CSE-CIC-IDS2018\Model\original_feature_xgboost_pipeline.pkl,Experiment_03_Framework_Validation\Experiment_02_Original_Feature_Representation\Phase_01_Original_Feature_Evaluation\CSE-CIC-IDS2018\Model,original_feature_xgboost_pipeline.pkl,.pkl,2054387,2006.237,1.959
Experiment_03_Framework_Validation\Experiment_02_Original_Feature_Representation\Phase_01_Original_Feature_Evaluation\CSE-CIC-IDS2018\Predictions\test_predictions.csv,Experiment_03_Framework_Validation\Experiment_02_Original_Feature_Representation\Phase_01_Original_Feature_Evaluation\CSE-CIC-IDS2018\Predictions,test_predictions.csv,.csv,3533114,3450.307,3.369
Experiment_03_Framework_Validation\Experiment_02_Original_Feature_Representation\Phase_01_Original_Feature_Evaluation\CSE-CIC-IDS2018\Predictions\validation_predictions.csv,Experiment_03_Framework_Validation\Experiment_02_Original_Feature_Representation\Phase_01_Original_Feature_Evaluation\CSE-CIC-IDS2018\Predictions,validation_predictions.csv,.csv,1767015,1725.601,1.685
Experiment_03_Framework_Validation\Experiment_02_Original_Feature_Representation\Phase_01_Original_Feature_Evaluation\CSE-CIC-IDS2018\Splits\fixed_split_assignments.csv,Experiment_03_Framework_Validation\Experiment_02_Original_Feature_Representation\Phase_01_Original_Feature_Evaluation\CSE-CIC-IDS2018\Splits,fixed_split_assignments.csv,.csv,14188912,13856.359,13.532
Experiment_03_Framework_Validation\Experiment_02_Original_Feature_Representation\Phase_01_Original_Feature_Evaluation\CSE-CIC-IDS2018\Splits\split_summary.csv,Experiment_03_Framework_Validation\Experiment_02_Original_Feature_Representation\Phase_01_Original_Feature_Evaluation\CSE-CIC-IDS2018\Splits,split_summary.csv,.csv,179,0.175,0.0
Experiment_03_Framework_Validation\Experiment_02_Original_Feature_Representation\Phase_01_Original_Feature_Evaluation\CSE-CIC-IDS2018\experiment_result.json,Experiment_03_Framework_Validation\Experiment_02_Original_Feature_Representation\Phase_01_Original_Feature_Evaluation\CSE-CIC-IDS2018,experiment_result.json,.json,1426,1.393,0.001
Experiment_03_Framework_Validation\Experiment_02_Original_Feature_Representation\Phase_01_Original_Feature_Evaluation\Logs\experiment_02_1_original_features.log,Experiment_03_Framework_Validation\Experiment_02_Original_Feature_Representation\Phase_01_Original_Feature_Evaluation\Logs,experiment_02_1_original_features.log,.log,12182,11.896,0.012
Experiment_03_Framework_Validation\Experiment_02_Original_Feature_Representation\Phase_01_Original_Feature_Evaluation\Manifests\experiment_02_1_run_manifest.json,Experiment_03_Framework_Validation\Experiment_02_Original_Feature_Representation\Phase_01_Original_Feature_Evaluation\Manifests,experiment_02_1_run_manifest.json,.json,780,0.762,0.001
Experiment_03_Framework_Validation\Experiment_02_Original_Feature_Representation\Phase_01_Original_Feature_Evaluation\Reports\Dataset_Readiness.csv,Experiment_03_Framework_Validation\Experiment_02_Original_Feature_Representation\Phase_01_Original_Feature_Evaluation\Reports,Dataset_Readiness.csv,.csv,241,0.235,0.0
Experiment_03_Framework_Validation\Experiment_02_Original_Feature_Representation\Phase_01_Original_Feature_Evaluation\Reports\Original_Feature_Evaluation_Results.csv,Experiment_03_Framework_Validation\Experiment_02_Original_Feature_Representation\Phase_01_Original_Feature_Evaluation\Reports,Original_Feature_Evaluation_Results.csv,.csv,1835,1.792,0.002
Experiment_03_Framework_Validation\Experiment_02_Original_Feature_Representation\Phase_01_Original_Feature_Evaluation\Reports\Original_Feature_Evaluation_Results.json,Experiment_03_Framework_Validation\Experiment_02_Original_Feature_Representation\Phase_01_Original_Feature_Evaluation\Reports,Original_Feature_Evaluation_Results.json,.json,3186,3.111,0.003
Experiment_03_Framework_Validation\Experiment_02_Original_Feature_Representation\Phase_02_Forensic_Evidence_Representation\CICIDS2017\Evidence\test_evidence_quality_sample.csv,Experiment_03_Framework_Validation\Experiment_02_Original_Feature_Representation\Phase_02_Forensic_Evidence_Representation\CICIDS2017\Evidence,test_evidence_quality_sample.csv,.csv,1466624,1432.25,1.399
Experiment_03_Framework_Validation\Experiment_02_Original_Feature_Representation\Phase_02_Forensic_Evidence_Representation\CICIDS2017\Figures\test_precision_recall_curve.png,Experiment_03_Framework_Validation\Experiment_02_Original_Feature_Representation\Phase_02_Forensic_Evidence_Representation\CICIDS2017\Figures,test_precision_recall_curve.png,.png,76613,74.817,0.073
Experiment_03_Framework_Validation\Experiment_02_Original_Feature_Representation\Phase_02_Forensic_Evidence_Representation\CICIDS2017\Figures\test_roc_curve.png,Experiment_03_Framework_Validation\Experiment_02_Original_Feature_Representation\Phase_02_Forensic_Evidence_Representation\CICIDS2017\Figures,test_roc_curve.png,.png,111590,108.975,0.106
Experiment_03_Framework_Validation\Experiment_02_Original_Feature_Representation\Phase_02_Forensic_Evidence_Representation\CICIDS2017\Manifests\forensic_evidence_manifest.json,Experiment_03_Framework_Validation\Experiment_02_Original_Feature_Representation\Phase_02_Forensic_Evidence_Representation\CICIDS2017\Manifests,forensic_evidence_manifest.json,.json,4612,4.504,0.004
Experiment_03_Framework_Validation\Experiment_02_Original_Feature_Representation\Phase_02_Forensic_Evidence_Representation\CICIDS2017\Metrics\evidence_feature_importance.csv,Experiment_03_Framework_Validation\Experiment_02_Original_Feature_Representation\Phase_02_Forensic_Evidence_Representation\CICIDS2017\Metrics,evidence_feature_importance.csv,.csv,30316,29.605,0.029
Experiment_03_Framework_Validation\Experiment_02_Original_Feature_Representation\Phase_02_Forensic_Evidence_Representation\CICIDS2017\Metrics\evidence_feature_importance_top30.png,Experiment_03_Framework_Validation\Experiment_02_Original_Feature_Representation\Phase_02_Forensic_Evidence_Representation\CICIDS2017\Metrics,evidence_feature_importance_top30.png,.png,500177,488.454,0.477
Experiment_03_Framework_Validation\Experiment_02_Original_Feature_Representation\Phase_02_Forensic_Evidence_Representation\CICIDS2017\Metrics\paired_representation_comparison.csv,Experiment_03_Framework_Validation\Experiment_02_Original_Feature_Representation\Phase_02_Forensic_Evidence_Representation\CICIDS2017\Metrics,paired_representation_comparison.csv,.csv,413,0.403,0.0
Experiment_03_Framework_Validation\Experiment_02_Original_Feature_Representation\Phase_02_Forensic_Evidence_Representation\CICIDS2017\Metrics\test_classification_report.json,Experiment_03_Framework_Validation\Experiment_02_Original_Feature_Representation\Phase_02_Forensic_Evidence_Representation\CICIDS2017\Metrics,test_classification_report.json,.json,668,0.652,0.001
Experiment_03_Framework_Validation\Experiment_02_Original_Feature_Representation\Phase_02_Forensic_Evidence_Representation\CICIDS2017\Metrics\test_confusion_matrix.csv,Experiment_03_Framework_Validation\Experiment_02_Original_Feature_Representation\Phase_02_Forensic_Evidence_Representation\CICIDS2017\Metrics,test_confusion_matrix.csv,.csv,95,0.093,0.0
Experiment_03_Framework_Validation\Experiment_02_Original_Feature_Representation\Phase_02_Forensic_Evidence_Representation\CICIDS2017\Metrics\test_metrics.json,Experiment_03_Framework_Validation\Experiment_02_Original_Feature_Representation\Phase_02_Forensic_Evidence_Representation\CICIDS2017\Metrics,test_metrics.json,.json,287,0.28,0.0
Experiment_03_Framework_Validation\Experiment_02_Original_Feature_Representation\Phase_02_Forensic_Evidence_Representation\CICIDS2017\Metrics\validation_metrics.json,Experiment_03_Framework_Validation\Experiment_02_Original_Feature_Representation\Phase_02_Forensic_Evidence_Representation\CICIDS2017\Metrics,validation_metrics.json,.json,276,0.27,0.0
Experiment_03_Framework_Validation\Experiment_02_Original_Feature_Representation\Phase_02_Forensic_Evidence_Representation\CICIDS2017\Model\forensic_evidence_xgboost_pipeline.pkl,Experiment_03_Framework_Validation\Experiment_02_Original_Feature_Representation\Phase_02_Forensic_Evidence_Representation\CICIDS2017\Model,forensic_evidence_xgboost_pipeline.pkl,.pkl,1394686,1361.998,1.33
Experiment_03_Framework_Validation\Experiment_02_Original_Feature_Representation\Phase_02_Forensic_Evidence_Representation\CICIDS2017\Predictions\test_predictions.csv,Experiment_03_Framework_Validation\Experiment_02_Original_Feature_Representation\Phase_02_Forensic_Evidence_Representation\CICIDS2017\Predictions,test_predictions.csv,.csv,3618711,3533.897,3.451
Experiment_03_Framework_Validation\Experiment_02_Original_Feature_Representation\Phase_02_Forensic_Evidence_Representation\CICIDS2017\Predictions\validation_predictions.csv,Experiment_03_Framework_Validation\Experiment_02_Original_Feature_Representation\Phase_02_Forensic_Evidence_Representation\CICIDS2017\Predictions,validation_predictions.csv,.csv,1809260,1766.855,1.725
Experiment_03_Framework_Validation\Experiment_02_Original_Feature_Representation\Phase_02_Forensic_Evidence_Representation\CICIDS2017\experiment_result.json,Experiment_03_Framework_Validation\Experiment_02_Original_Feature_Representation\Phase_02_Forensic_Evidence_Representation\CICIDS2017,experiment_result.json,.json,1864,1.82,0.002
Experiment_03_Framework_Validation\Experiment_02_Original_Feature_Representation\Phase_02_Forensic_Evidence_Representation\CSE-CIC-IDS2018\Evidence\test_evidence_quality_sample.csv,Experiment_03_Framework_Validation\Experiment_02_Original_Feature_Representation\Phase_02_Forensic_Evidence_Representation\CSE-CIC-IDS2018\Evidence,test_evidence_quality_sample.csv,.csv,1450089,1416.103,1.383
Experiment_03_Framework_Validation\Experiment_02_Original_Feature_Representation\Phase_02_Forensic_Evidence_Representation\CSE-CIC-IDS2018\Figures\test_precision_recall_curve.png,Experiment_03_Framework_Validation\Experiment_02_Original_Feature_Representation\Phase_02_Forensic_Evidence_Representation\CSE-CIC-IDS2018\Figures,test_precision_recall_curve.png,.png,86532,84.504,0.083
Experiment_03_Framework_Validation\Experiment_02_Original_Feature_Representation\Phase_02_Forensic_Evidence_Representation\CSE-CIC-IDS2018\Figures\test_roc_curve.png,Experiment_03_Framework_Validation\Experiment_02_Original_Feature_Representation\Phase_02_Forensic_Evidence_Representation\CSE-CIC-IDS2018\Figures,test_roc_curve.png,.png,114360,111.68,0.109
Experiment_03_Framework_Validation\Experiment_02_Original_Feature_Representation\Phase_02_Forensic_Evidence_Representation\CSE-CIC-IDS2018\Manifests\forensic_evidence_manifest.json,Experiment_03_Framework_Validation\Experiment_02_Original_Feature_Representation\Phase_02_Forensic_Evidence_Representation\CSE-CIC-IDS2018\Manifests,forensic_evidence_manifest.json,.json,4274,4.174,0.004
Experiment_03_Framework_Validation\Experiment_02_Original_Feature_Representation\Phase_02_Forensic_Evidence_Representation\CSE-CIC-IDS2018\Metrics\evidence_feature_importance.csv,Experiment_03_Framework_Validation\Experiment_02_Original_Feature_Representation\Phase_02_Forensic_Evidence_Representation\CSE-CIC-IDS2018\Metrics,evidence_feature_importance.csv,.csv,29274,28.588,0.028
Experiment_03_Framework_Validation\Experiment_02_Original_Feature_Representation\Phase_02_Forensic_Evidence_Representation\CSE-CIC-IDS2018\Metrics\evidence_feature_importance_top30.png,Experiment_03_Framework_Validation\Experiment_02_Original_Feature_Representation\Phase_02_Forensic_Evidence_Representation\CSE-CIC-IDS2018\Metrics,evidence_feature_importance_top30.png,.png,467682,456.721,0.446
Experiment_03_Framework_Validation\Experiment_02_Original_Feature_Representation\Phase_02_Forensic_Evidence_Representation\CSE-CIC-IDS2018\Metrics\paired_representation_comparison.csv,Experiment_03_Framework_Validation\Experiment_02_Original_Feature_Representation\Phase_02_Forensic_Evidence_Representation\CSE-CIC-IDS2018\Metrics,paired_representation_comparison.csv,.csv,417,0.407,0.0
Experiment_03_Framework_Validation\Experiment_02_Original_Feature_Representation\Phase_02_Forensic_Evidence_Representation\CSE-CIC-IDS2018\Metrics\test_classification_report.json,Experiment_03_Framework_Validation\Experiment_02_Original_Feature_Representation\Phase_02_Forensic_Evidence_Representation\CSE-CIC-IDS2018\Metrics,test_classification_report.json,.json,667,0.651,0.001
Experiment_03_Framework_Validation\Experiment_02_Original_Feature_Representation\Phase_02_Forensic_Evidence_Representation\CSE-CIC-IDS2018\Metrics\test_confusion_matrix.csv,Experiment_03_Framework_Validation\Experiment_02_Original_Feature_Representation\Phase_02_Forensic_Evidence_Representation\CSE-CIC-IDS2018\Metrics,test_confusion_matrix.csv,.csv,96,0.094,0.0
Experiment_03_Framework_Validation\Experiment_02_Original_Feature_Representation\Phase_02_Forensic_Evidence_Representation\CSE-CIC-IDS2018\Metrics\test_metrics.json,Experiment_03_Framework_Validation\Experiment_02_Original_Feature_Representation\Phase_02_Forensic_Evidence_Representation\CSE-CIC-IDS2018\Metrics,test_metrics.json,.json,286,0.279,0.0
Experiment_03_Framework_Validation\Experiment_02_Original_Feature_Representation\Phase_02_Forensic_Evidence_Representation\CSE-CIC-IDS2018\Metrics\validation_metrics.json,Experiment_03_Framework_Validation\Experiment_02_Original_Feature_Representation\Phase_02_Forensic_Evidence_Representation\CSE-CIC-IDS2018\Metrics,validation_metrics.json,.json,277,0.271,0.0
Experiment_03_Framework_Validation\Experiment_02_Original_Feature_Representation\Phase_02_Forensic_Evidence_Representation\CSE-CIC-IDS2018\Model\forensic_evidence_xgboost_pipeline.pkl,Experiment_03_Framework_Validation\Experiment_02_Original_Feature_Representation\Phase_02_Forensic_Evidence_Representation\CSE-CIC-IDS2018\Model,forensic_evidence_xgboost_pipeline.pkl,.pkl,1876111,1832.14,1.789
Experiment_03_Framework_Validation\Experiment_02_Original_Feature_Representation\Phase_02_Forensic_Evidence_Representation\CSE-CIC-IDS2018\Predictions\test_predictions.csv,Experiment_03_Framework_Validation\Experiment_02_Original_Feature_Representation\Phase_02_Forensic_Evidence_Representation\CSE-CIC-IDS2018\Predictions,test_predictions.csv,.csv,3539687,3456.726,3.376
Experiment_03_Framework_Validation\Experiment_02_Original_Feature_Representation\Phase_02_Forensic_Evidence_Representation\CSE-CIC-IDS2018\Predictions\validation_predictions.csv,Experiment_03_Framework_Validation\Experiment_02_Original_Feature_Representation\Phase_02_Forensic_Evidence_Representation\CSE-CIC-IDS2018\Predictions,validation_predictions.csv,.csv,1769686,1728.209,1.688
Experiment_03_Framework_Validation\Experiment_02_Original_Feature_Representation\Phase_02_Forensic_Evidence_Representation\CSE-CIC-IDS2018\experiment_result.json,Experiment_03_Framework_Validation\Experiment_02_Original_Feature_Representation\Phase_02_Forensic_Evidence_Representation\CSE-CIC-IDS2018,experiment_result.json,.json,1878,1.834,0.002
Experiment_03_Framework_Validation\Experiment_02_Original_Feature_Representation\Phase_02_Forensic_Evidence_Representation\Logs\experiment_02_2_forensic_evidence.log,Experiment_03_Framework_Validation\Experiment_02_Original_Feature_Representation\Phase_02_Forensic_Evidence_Representation\Logs,experiment_02_2_forensic_evidence.log,.log,12308,12.02,0.012
Experiment_03_Framework_Validation\Experiment_02_Original_Feature_Representation\Phase_02_Forensic_Evidence_Representation\Manifests\experiment_02_2_run_manifest.json,Experiment_03_Framework_Validation\Experiment_02_Original_Feature_Representation\Phase_02_Forensic_Evidence_Representation\Manifests,experiment_02_2_run_manifest.json,.json,986,0.963,0.001
Experiment_03_Framework_Validation\Experiment_02_Original_Feature_Representation\Phase_02_Forensic_Evidence_Representation\Reports\Dataset_Readiness.csv,Experiment_03_Framework_Validation\Experiment_02_Original_Feature_Representation\Phase_02_Forensic_Evidence_Representation\Reports,Dataset_Readiness.csv,.csv,223,0.218,0.0
Experiment_03_Framework_Validation\Experiment_02_Original_Feature_Representation\Phase_02_Forensic_Evidence_Representation\Reports\Forensic_Evidence_Representation_Results.csv,Experiment_03_Framework_Validation\Experiment_02_Original_Feature_Representation\Phase_02_Forensic_Evidence_Representation\Reports,Forensic_Evidence_Representation_Results.csv,.csv,2467,2.409,0.002
Experiment_03_Framework_Validation\Experiment_02_Original_Feature_Representation\Phase_02_Forensic_Evidence_Representation\Reports\Forensic_Evidence_Representation_Results.json,Experiment_03_Framework_Validation\Experiment_02_Original_Feature_Representation\Phase_02_Forensic_Evidence_Representation\Reports,Forensic_Evidence_Representation_Results.json,.json,4156,4.059,0.004
Experiment_03_Framework_Validation\Experiment_02_Original_Feature_Representation\Phase_02_Forensic_Evidence_Representation\Reports\Original_vs_Evidence_Comparison.csv,Experiment_03_Framework_Validation\Experiment_02_Original_Feature_Representation\Phase_02_Forensic_Evidence_Representation\Reports,Original_vs_Evidence_Comparison.csv,.csv,875,0.854,0.001
Experiment_03_Framework_Validation\Experiment_03_FERF_Validation\CICIDS2017\Figures\ferf_component_precision_recall_curves.png,Experiment_03_Framework_Validation\Experiment_03_FERF_Validation\CICIDS2017\Figures,ferf_component_precision_recall_curves.png,.png,137941,134.708,0.132
Experiment_03_Framework_Validation\Experiment_03_FERF_Validation\CICIDS2017\Figures\ferf_component_roc_curves.png,Experiment_03_Framework_Validation\Experiment_03_FERF_Validation\CICIDS2017\Figures,ferf_component_roc_curves.png,.png,175383,171.272,0.167
Experiment_03_Framework_Validation\Experiment_03_FERF_Validation\CICIDS2017\Manifests\ferf_manifest.json,Experiment_03_Framework_Validation\Experiment_03_FERF_Validation\CICIDS2017\Manifests,ferf_manifest.json,.json,1767,1.726,0.002
Experiment_03_Framework_Validation\Experiment_03_FERF_Validation\CICIDS2017\Metrics\branch_and_fusion_metrics.csv,Experiment_03_Framework_Validation\Experiment_03_FERF_Validation\CICIDS2017\Metrics,branch_and_fusion_metrics.csv,.csv,922,0.9,0.001
Experiment_03_Framework_Validation\Experiment_03_FERF_Validation\CICIDS2017\Metrics\ferf_test_classification_report.json,Experiment_03_Framework_Validation\Experiment_03_FERF_Validation\CICIDS2017\Metrics,ferf_test_classification_report.json,.json,669,0.653,0.001
Experiment_03_Framework_Validation\Experiment_03_FERF_Validation\CICIDS2017\Metrics\ferf_test_confusion_matrix.csv,Experiment_03_Framework_Validation\Experiment_03_FERF_Validation\CICIDS2017\Metrics,ferf_test_confusion_matrix.csv,.csv,95,0.093,0.0
Experiment_03_Framework_Validation\Experiment_03_FERF_Validation\CICIDS2017\Metrics\optimized_ferf_configuration.json,Experiment_03_Framework_Validation\Experiment_03_FERF_Validation\CICIDS2017\Metrics,optimized_ferf_configuration.json,.json,482,0.471,0.0
Experiment_03_Framework_Validation\Experiment_03_FERF_Validation\CICIDS2017\Metrics\test_ferf_metrics.json,Experiment_03_Framework_Validation\Experiment_03_FERF_Validation\CICIDS2017\Metrics,test_ferf_metrics.json,.json,286,0.279,0.0
Experiment_03_Framework_Validation\Experiment_03_FERF_Validation\CICIDS2017\Metrics\validation_ferf_metrics.json,Experiment_03_Framework_Validation\Experiment_03_FERF_Validation\CICIDS2017\Metrics,validation_ferf_metrics.json,.json,277,0.271,0.0
Experiment_03_Framework_Validation\Experiment_03_FERF_Validation\CICIDS2017\Metrics\validation_weight_threshold_search.csv,Experiment_03_Framework_Validation\Experiment_03_FERF_Validation\CICIDS2017\Metrics,validation_weight_threshold_search.csv,.csv,465254,454.35,0.444
Experiment_03_Framework_Validation\Experiment_03_FERF_Validation\CICIDS2017\Model\quality_conditioned_pipeline.pkl,Experiment_03_Framework_Validation\Experiment_03_FERF_Validation\CICIDS2017\Model,quality_conditioned_pipeline.pkl,.pkl,480806,469.537,0.459
Experiment_03_Framework_Validation\Experiment_03_FERF_Validation\CICIDS2017\Predictions\ferf_test_predictions.csv,Experiment_03_Framework_Validation\Experiment_03_FERF_Validation\CICIDS2017\Predictions,ferf_test_predictions.csv,.csv,27767463,27116.663,26.481
Experiment_03_Framework_Validation\Experiment_03_FERF_Validation\CICIDS2017\Predictions\ferf_validation_predictions.csv,Experiment_03_Framework_Validation\Experiment_03_FERF_Validation\CICIDS2017\Predictions,ferf_validation_predictions.csv,.csv,2627040,2565.469,2.505
Experiment_03_Framework_Validation\Experiment_03_FERF_Validation\CICIDS2017\Reliability\agreement_disagreement_analysis.csv,Experiment_03_Framework_Validation\Experiment_03_FERF_Validation\CICIDS2017\Reliability,agreement_disagreement_analysis.csv,.csv,200,0.195,0.0
Experiment_03_Framework_Validation\Experiment_03_FERF_Validation\CICIDS2017\Reliability\reliability_summary.csv,Experiment_03_Framework_Validation\Experiment_03_FERF_Validation\CICIDS2017\Reliability,reliability_summary.csv,.csv,1334,1.303,0.001
Experiment_03_Framework_Validation\Experiment_03_FERF_Validation\CICIDS2017\ferf_experiment_result.json,Experiment_03_Framework_Validation\Experiment_03_FERF_Validation\CICIDS2017,ferf_experiment_result.json,.json,2346,2.291,0.002
Experiment_03_Framework_Validation\Experiment_03_FERF_Validation\CSE-CIC-IDS2018\Figures\ferf_component_precision_recall_curves.png,Experiment_03_Framework_Validation\Experiment_03_FERF_Validation\CSE-CIC-IDS2018\Figures,ferf_component_precision_recall_curves.png,.png,147613,144.153,0.141
Experiment_03_Framework_Validation\Experiment_03_FERF_Validation\CSE-CIC-IDS2018\Figures\ferf_component_roc_curves.png,Experiment_03_Framework_Validation\Experiment_03_FERF_Validation\CSE-CIC-IDS2018\Figures,ferf_component_roc_curves.png,.png,172960,168.906,0.165
Experiment_03_Framework_Validation\Experiment_03_FERF_Validation\CSE-CIC-IDS2018\Manifests\ferf_manifest.json,Experiment_03_Framework_Validation\Experiment_03_FERF_Validation\CSE-CIC-IDS2018\Manifests,ferf_manifest.json,.json,1792,1.75,0.002
Experiment_03_Framework_Validation\Experiment_03_FERF_Validation\CSE-CIC-IDS2018\Metrics\branch_and_fusion_metrics.csv,Experiment_03_Framework_Validation\Experiment_03_FERF_Validation\CSE-CIC-IDS2018\Metrics,branch_and_fusion_metrics.csv,.csv,920,0.898,0.001
Experiment_03_Framework_Validation\Experiment_03_FERF_Validation\CSE-CIC-IDS2018\Metrics\ferf_test_classification_report.json,Experiment_03_Framework_Validation\Experiment_03_FERF_Validation\CSE-CIC-IDS2018\Metrics,ferf_test_classification_report.json,.json,668,0.652,0.001
Experiment_03_Framework_Validation\Experiment_03_FERF_Validation\CSE-CIC-IDS2018\Metrics\ferf_test_confusion_matrix.csv,Experiment_03_Framework_Validation\Experiment_03_FERF_Validation\CSE-CIC-IDS2018\Metrics,ferf_test_confusion_matrix.csv,.csv,98,0.096,0.0
Experiment_03_Framework_Validation\Experiment_03_FERF_Validation\CSE-CIC-IDS2018\Metrics\optimized_ferf_configuration.json,Experiment_03_Framework_Validation\Experiment_03_FERF_Validation\CSE-CIC-IDS2018\Metrics,optimized_ferf_configuration.json,.json,513,0.501,0.0
Experiment_03_Framework_Validation\Experiment_03_FERF_Validation\CSE-CIC-IDS2018\Metrics\test_ferf_metrics.json,Experiment_03_Framework_Validation\Experiment_03_FERF_Validation\CSE-CIC-IDS2018\Metrics,test_ferf_metrics.json,.json,286,0.279,0.0
Experiment_03_Framework_Validation\Experiment_03_FERF_Validation\CSE-CIC-IDS2018\Metrics\validation_ferf_metrics.json,Experiment_03_Framework_Validation\Experiment_03_FERF_Validation\CSE-CIC-IDS2018\Metrics,validation_ferf_metrics.json,.json,277,0.271,0.0
Experiment_03_Framework_Validation\Experiment_03_FERF_Validation\CSE-CIC-IDS2018\Metrics\validation_weight_threshold_search.csv,Experiment_03_Framework_Validation\Experiment_03_FERF_Validation\CSE-CIC-IDS2018\Metrics,validation_weight_threshold_search.csv,.csv,464941,454.044,0.443
Experiment_03_Framework_Validation\Experiment_03_FERF_Validation\CSE-CIC-IDS2018\Model\quality_conditioned_pipeline.pkl,Experiment_03_Framework_Validation\Experiment_03_FERF_Validation\CSE-CIC-IDS2018\Model,quality_conditioned_pipeline.pkl,.pkl,495933,484.31,0.473
Experiment_03_Framework_Validation\Experiment_03_FERF_Validation\CSE-CIC-IDS2018\Predictions\ferf_test_predictions.csv,Experiment_03_Framework_Validation\Experiment_03_FERF_Validation\CSE-CIC-IDS2018\Predictions,ferf_test_predictions.csv,.csv,27314075,26673.901,26.049
Experiment_03_Framework_Validation\Experiment_03_FERF_Validation\CSE-CIC-IDS2018\Predictions\ferf_validation_predictions.csv,Experiment_03_Framework_Validation\Experiment_03_FERF_Validation\CSE-CIC-IDS2018\Predictions,ferf_validation_predictions.csv,.csv,2637441,2575.626,2.515
Experiment_03_Framework_Validation\Experiment_03_FERF_Validation\CSE-CIC-IDS2018\Reliability\agreement_disagreement_analysis.csv,Experiment_03_Framework_Validation\Experiment_03_FERF_Validation\CSE-CIC-IDS2018\Reliability,agreement_disagreement_analysis.csv,.csv,199,0.194,0.0
Experiment_03_Framework_Validation\Experiment_03_FERF_Validation\CSE-CIC-IDS2018\Reliability\reliability_summary.csv,Experiment_03_Framework_Validation\Experiment_03_FERF_Validation\CSE-CIC-IDS2018\Reliability,reliability_summary.csv,.csv,1321,1.29,0.001
Experiment_03_Framework_Validation\Experiment_03_FERF_Validation\CSE-CIC-IDS2018\ferf_experiment_result.json,Experiment_03_Framework_Validation\Experiment_03_FERF_Validation\CSE-CIC-IDS2018,ferf_experiment_result.json,.json,2381,2.325,0.002
Experiment_03_Framework_Validation\Experiment_03_FERF_Validation\Logs\experiment_03_ferf_validation.log,Experiment_03_Framework_Validation\Experiment_03_FERF_Validation\Logs,experiment_03_ferf_validation.log,.log,13575,13.257,0.013
Experiment_03_Framework_Validation\Experiment_03_FERF_Validation\Manifests\experiment_03_run_manifest.json,Experiment_03_Framework_Validation\Experiment_03_FERF_Validation\Manifests,experiment_03_run_manifest.json,.json,813,0.794,0.001
Experiment_03_Framework_Validation\Experiment_03_FERF_Validation\Reports\Dataset_Readiness.csv,Experiment_03_Framework_Validation\Experiment_03_FERF_Validation\Reports,Dataset_Readiness.csv,.csv,223,0.218,0.0
Experiment_03_Framework_Validation\Experiment_03_FERF_Validation\Reports\FERF_Method_Comparison.csv,Experiment_03_Framework_Validation\Experiment_03_FERF_Validation\Reports,FERF_Method_Comparison.csv,.csv,1760,1.719,0.002
Experiment_03_Framework_Validation\Experiment_03_FERF_Validation\Reports\FERF_Validation_Results.csv,Experiment_03_Framework_Validation\Experiment_03_FERF_Validation\Reports,FERF_Validation_Results.csv,.csv,3098,3.025,0.003
Experiment_03_Framework_Validation\Experiment_03_FERF_Validation\Reports\FERF_Validation_Results.json,Experiment_03_Framework_Validation\Experiment_03_FERF_Validation\Reports,FERF_Validation_Results.json,.json,5229,5.106,0.005
Experiment_03_Framework_Validation\Experiment_03_FERF_Validation_Corrected\CICIDS2017\Manifests\ferf_configuration.json,Experiment_03_Framework_Validation\Experiment_03_FERF_Validation_Corrected\CICIDS2017\Manifests,ferf_configuration.json,.json,464,0.453,0.0
Experiment_03_Framework_Validation\Experiment_03_FERF_Validation_Corrected\CICIDS2017\Predictions\ferf_test_predictions.csv,Experiment_03_Framework_Validation\Experiment_03_FERF_Validation_Corrected\CICIDS2017\Predictions,ferf_test_predictions.csv,.csv,9614157,9388.825,9.169
Experiment_03_Framework_Validation\Experiment_03_FERF_Validation_Corrected\CICIDS2017\Reports\ferf_comparison.csv,Experiment_03_Framework_Validation\Experiment_03_FERF_Validation_Corrected\CICIDS2017\Reports,ferf_comparison.csv,.csv,603,0.589,0.001
Experiment_03_Framework_Validation\Experiment_03_FERF_Validation_Corrected\CICIDS2017\Reports\validation_search.csv,Experiment_03_Framework_Validation\Experiment_03_FERF_Validation_Corrected\CICIDS2017\Reports,validation_search.csv,.csv,76354679,74565.116,72.817
